q_id,question,choice0,choice1,choice2,choice3,choice4,label
8939,在电子设备中使用的最主要的电子电路基板叫什么？,公告板,电脑,主板,硬盘,砧板,2
8940,稻田一望无际的景色叫什么？,田地,海,田园,地方,牧场,2
8941,蹲下之类的样子叫什么？,弯下腰,坐下,打个盹,睡觉,起床,0
8942,放水时要拧的东西是什么？,水龙头,把手,水槽,钉子,碗柜,0
8943,随着音乐跳舞的场所是？,迪斯科,市长,草莓,购物中心,芒果,0
8944,指地底下一定规模的空间是什么？,山脚,山顶,半山腰,山腰,洞窟,4
8945,哪一个是与交通工具有关的词？,出门,走路,脱鞋,穿鞋,下车,4
8946,便于携带、易于使用的电脑叫什么？,计算机,绳子,笔记本电脑,手机,点心,2
8947,吸烟这件事叫什么？,打电话,吃饭,吸烟,佛,喝酒,2
8948,超速被警察抓住的话，一般称为什么？,妨碍驾驶,伤心,结痂,危险驾驶,交通违法,4
8949,会伸缩的东西是？,机芯,螺母,动作,螺栓,弹簧,4
8950,既作为生活用品使用，又被当作美术品对待的东西是？,盘子,料理,厨师,老鼠,门,0
8951,购物时一定需要的是什么？,带上钱,订书,读书,风,雨,0
8952,手上拎着的包叫什么？,手提包,橱柜,小袋,双肩包,门口,0
8953,夏天大量出现的生物是？,工具箱,电缆,狸猫,兔子,虫子,4
8954,与亲近的人之间的人际关系叫什么？,感情,部下,友情,自卫队,情报,2
8955,转弯时的信号是？,转向灯,刹车,座位,消声器,道口,0
8956,在这几个中，用钢筋混凝土建造的中高层建筑物的名称是？,大楼,板,战壕,教堂,出云大社,0
8957,把“汁物”用英语表达是什么？,料理,汤,早餐,梗图,拆解,1
8958,具有桌、台、表等含义的是？,球,物体,桌子,钱,照片,2
8959,用来装饮料的东西中，哪一种是玻璃制的？,把手,筷子,杯子,盘子,浴缸,2
8960,哪种动物可以在家里饲养？,狮子,淋浴,象,镜子,猫,4
8961,关于“花钱”？,付出（支付）,点亮灯光,鉴赏,购买,赎回,0
8962,在马戏团的人气项目中，秋千前面会加上哪个词？,地中,家,地下,屋顶,空中,4
8963,为了标示汉字读音而写在旁边的假名叫什么？,假名草子,变体假名,假名垣鲁文,振假名,异体假名,3
8964,成为自己“干”的是？,身体,猫,水壶,手脚,锅,0
8965,下面这些中，鸟取有而冈山和兵库没有的是什么？,关西地区,沙丘,后乐园,港口塔,县,1
8966,把总部设在北海道札幌市北区北8条西5丁目的日本国立大学叫什么？,缆车,近畿大学,东京大学,北海道大学,白杨树并木,3
8967,在滑雪场等地方有的一种运输设备，在高处和低处之间拉有缆索，缆索上装有支架，并在其上安装裸露的座椅，这叫什么？,北海道大学,白杨树并木,长椅,折叠铁椅,缆车,4
8968,下面哪个词语中使用了相同的部首？,学习,把握,理解,问题,启蒙,1
8969,总统所在的地方是？,大使馆,国会议事堂,皇居,国家,白宫,4
8970,表示被错误地理解的是哪一个？,误解,更年期,死,梦,谎言,0
8971,为了交通工具安全而存在的职业是？,豆腐,纸箱,西装,维修技师,大豆,3
8972,把信息从一个人传给另一个人叫什么？,翻新,研究,传达,调查,机器,2
8973,下面哪一个是铜管乐器？,小号,玻璃,梅比乌斯,金属,设计,0
8974,主要在河里能看到的是？,人,数字,狗,浮木,游客,3
8975,用来装葡萄酒的是？,草莓,热咖啡,纸屑彩带,高脚杯,芒果,3
8976,美国的首都是？,拓荒精神,华盛顿,钻石,芒果,合众国,1
8977,下面哪一个是卡比的复制能力中存在的？,光,晚饭,水,罐头,动物,4
8978,街上那种什么都卖的店叫什么？,会合,休息室,超市,餐馆,书店,2
8979,“花之都”是指哪里？,美国,意大利,智利,国家,巴黎,4
8980,在水中等让身体浮起来时使用的工具是什么？,救生圈,泳衣,小船,游泳,海水,0
8981,把明信片送来的地方是哪里？,邮局,电波,汽车,自行车,派出所,0
8982,对卖东西的地方的总称是？,药店,超市,商店,投币自助洗衣店,百货商店,2
8983,不吞下去，只是咀嚼来享受香味和味道、有弹性的点心是什么？,毒品,棉花糖,口香糖,年糕,替代品,2
8984,在中国辽东半岛到朝鲜半岛一带出产的人参是？,朝鲜人参,茄子,朝鲜语,朝鲜,南瓜,0
8985,把东西冷却的装置叫什么？,桌游,冷冻,冷藏,灰尘,冷却装置,4
8986,用来把冷的东西加热的是？,蔬菜店,微波炉,冰箱,收获,冷冻柜,1
8987,做了坏事的人被关押的地方是哪里？,地牢,旅馆,自家,学校,鬼屋,0
8988,穿在身上的东西是？,筷子,剪刀,欧洲,鞋,意大利,3
8989,心情被扰乱的样子叫什么？,紊乱,佩服,动摇,破坏,理解,2
8990,对议事堂的印象是？,象征国家,主题公园,游乐设施,让心情高涨,摇动,0
8991,研究19到20世纪以后技术等的领域是？,近世科学,文明科学,近代科学,大气科学,法则科学,2
8992,不用语言与对方交流、夸张地摆动手脚来传达意思的方式叫什么？,机敏,引导,反应,肢体动作,导盲犬,3
8993,故意对他人造成伤害叫什么？,人口贩卖,强奸,人身攻击,杀人,人身事故,2
8994,会吱吱叫的动物是？,仓鼠,蛇,臭鼬,大盐湖,老鼠,4
8995,用电脑进行打印的是哪一个？,无线网,网络,打字,蜡烛,打印机,4
8996,举行弥撒的地方是哪里？,寺庙,修道院,神社,大楼,厨房,1
8997,肉的边缘部分是？,红绿灯,脂肪,食物,牛排,天津饭,1
8998,说到“早晨套餐（Morning Service）”会想到哪里？,市场,咖啡馆,荞麦面馆,镇公所,拉面店,1
8999,生活在寒冷地区、不会飞的鸟叫什么？,天鹅,猴子,企鹅,冻土,寒冷,2
9000,下面哪一个是汉字的部首之一？,木,草坪,学,有,炉,0
9001,表示要消除在社会角色等方面基于性别的固定观念这一想法的词语是？,性别差距,性别验证,性别偏见,性别平等（Gender-free）,性别收缩,3
9002,“睡觉”用什么说法？,闭上眼睛,睡眠,吃饭,旅行,唱歌,1
9003,把花分开来开的是？,分开开花,樱花,花,花开,华丽的花,0
9004,不是生病的状态是？,平稳,健康,正常,活着,获得食物的事,1
9005,用钢筋混凝土建成、里面有办公室等的高层建筑是？,公寓,地下街,地铁,图书馆,大楼,4
9006,与伊朗打过仗的国家是？,伊拉克,厨房,马达,浴室,印度,0
9007,在美利坚合众国中，迈阿密所在的州是？,加利福尼亚,波士顿,休斯敦,佛罗里达,华盛顿,3
9008,小岛的聚集是？,信号灯,天津饭,马绍尔群岛,东南亚,关东,2
9009,水会变成什么？,擦汗这件事,水蒸气,头巾,兴奋,毛巾,1
9010,可以轻松制作复杂立体物的机器是什么？,信号灯,大人,3D打印机,天津饭,教室,2
9011,作为啤酒下酒菜的是什么豆？,收音机,黄鼠狼,枝,电视,蛇,2
9012,不是生物的交通工具是？,孩子,冰,报告,自行车,马,3
9013,身着西装的男女参加自己希望从事行业的说明活动是？,公司参观,公司说明会,雨,风,履历表,1
9014,为了变漂亮而做的事情是？,袋子,手术,口罩,化妆,垫子,3
9015,把桌子、衣柜等合在一起叫什么？,玄关,阁楼,家具,卧室,厨房,2
9016,由特定生产者生产的商品，叫什么？,制造业,品牌,制造商,镜子,香水,1
9017,在舞蹈中，说到“Mixer（混合舞）”是指？,生物,海边,俄克拉何马,动物,公园,2
9018,把原材料加工过的东西是？,食品,摆件,制品,菜刀,原料,2
9019,在国会、市、县、镇里都有的东西是什么？,班级委员,杯子,首相,队长,议员,4
9020,长在田埂等地方的东西是？,熊,牧草地,野草,路标,毛,2
9021,横纲入场时一起出场的力士叫什么？,有钱人,豆腐,送外卖的人,持太刀力士,大豆,3
9022,哪一个是活动（事件）？,祭典,银行,便利店,小零食店,医院,0
9023,乘坐带有旋翼的交通工具在空中移动叫什么？,游泳,驾驶,驾驶直升机飞行,登山,信号灯,2
9024,一生的中途是什么？,途中,一半,半生,生命,叹息,2
9025,哪一个是动物？,白鹭,蜻蜓,蝴蝶,白州（地名）,白魔法,0
9026,小便的地方是哪里？,厨房,训练器械,卧室,厕所,举重选手,3
9027,吃东西、咀嚼时使用的身体部位是？,耳朵,牙齿,眼睛,假牙,病历卡,1
9028,哪一个是高楼？,邮局,公园,繁华街,高层建筑,剧场,3
9029,把外汇称为什么？,汇银,外汇,钱,虚拟货币,汇汇,1
9030,最初的季节是？,春天,秋天,公园,祭典,夏天,0
9031,水面之上叫什么？,白宫,海里,西部,天空之上,水面上,4
9032,用元素符号H2O表示的是什么？,纸币,二氧化碳,水,氢,桌布,2
9033,“好”的反义词是？,不好,危险,开心,坏,糟糕,3
9034,“心脏”用英语怎么说？,陶器,尼特族,小提琴,热,心（heart）,4
9035,进行股票交易的场所是？,商店,百货商店,学校,医院,市场,4
9036,以马丘比丘闻名的南美国家是哪里？,大豆,红海,秘鲁,豆腐,伊斯兰,2
9037,既能装着冰淇淋又能吃掉的容器是？,蛋筒,沙漠,生茶,主人,碗,0
9038,小的区域是？,火车站,街道,大街,都道府县,国家,1
9039,是哪种乐器？,教皇,风琴,达摩,人物像,肖像,1
9040,哪一个是用来避邪、消灾的护身符？,重藤弓,念珠,破魔弓,半弓,念力,2
9041,哪一种是山梨产的梅？,梅重叠纹样,伊势,纪州,甲州梅,梅割酒,3
9042,正在建房子等建筑物的地方叫什么？,建筑工地,校园操场,河,工厂,杂物间,0
9043,为了让国外的人更容易理解而使用的标记方式是？,名词,意大利,德语,日语,罗马字,4
9044,擅长做东西的人，哪儿很灵巧？,脚,人体,手,胸,肌肉,2
9045,哪一种可以加工后做成衣服？,冰,布料,架子,吉他,空气,1
9046,分解酒精的是？,神经,胃,小肠,肾脏,肝脏,4
9047,哪一个是化学的以及人工制造的东西？,药剂,森林,坚果,树,鲱鱼,0
9048,从事农业的土地叫什么？,海,桥,商店,农田,公园,3
9049,哪一个是身体的一部分？,鼻子,声音,假发,熊,公园,0
9050,穿在两只脚上的东西是？,小物件,人,内衣,鞋子,扫帚,3
9051,长笛们聚在一起的团体是？,学会,音乐学校,教会,管弦乐团,烤肉店,3
9052,把“neibor”翻译过来是？,新的,近郊,劳动,佛罗里达州,葬礼,1
9053,随着年龄增长出现在脸上、让人烦恼的东西是什么？,身高,成果,皱纹,进步,成绩,2
9054,去旅行要用到的是？,行李箱,体操,马拉松,笑,软饮料,0
9055,表示前屈姿势的说法是？,弯腰向前,公民馆,起身,走路,起床,0
9056,把“country”翻译成日语是？,太平洋,大西洋,海峡,大洋洲,国家,4
9057,蝙蝠会在什么地方？,岩洞,大豆,豆腐,山腰,半山腰,0
9058,上衣的脖子周围部分是？,领带,纽扣,衣领,袖扣,袖口,2
9059,车里的座位叫什么？,司机,沙发,座椅,轮胎,长椅,2
9060,像报刊亭那样的形态叫什么？,百货商店,天津饭,车站的小卖部,商店,信号灯,2
9061,钥匙叫什么？,桌子,开关,钥匙,贝壳,玩具,2
9062,看不见但一定在周围的东西是什么？,底部,空气,水,木板,深呼吸,1
9063,在便利店的柜台可以买到的是？,人类,店员,经理,收银台,热咖啡,4
9064,偶尔还会发布注意报、伴随突风旋转并把房屋等摧毁的东西是？,龙卷风,积木,闪电,领导,足球,0
9065,哪一个是食物？,书,手,铅笔盒,布,食品,4
9066,学习时坐在椅子上面对的地方是？,手推车,厨房,书桌,包,桌面上,2
9067,作为内衣穿的裤子是？,木匠,棉花糖,小零食,秋裤,美容师,3
9068,表示女性的词语是？,水,丈夫,垫子,妇女,人,3
9069,掌管国家运作的机关叫什么？,幼儿园,国家,学校,国旗,太阳,1
9070,给燃料加注的地方是？,咖喱店,加油站,图表,汽车用品店,住宅,1
9071,把形状各异的拼块拼在一起完成一幅图画的东西叫什么？,溜溜球,飞行棋,桌游,扑克牌,拼图,4
9072,铺在餐桌上的东西是？,空姐,桌布,酱油,安全带,盐,1
9073,可以用电烧开热水的是？,肚脐,电热水壶,钛,推杆,冰箱,1
9074,议员人数为465人的国会议院是？,众议院,参议院,贵族院,城市,民主党,0
9075,东京的鱼类批发市场以前使用的地点名称是？,海边附近,函馆,筑地,豆腐,大豆,2
9076,下面哪个词表示不想碰触的样子？,漂亮,无聊,熊猫,脏,考拉,3
9077,让身体变干净的地方是？,超市,饭馆,情人旅馆,浴室,桑拿,3
9078,说到“花都”是指哪里？,道路,巴黎,日内瓦,财产,多伦多,1
9079,用什么来擦掉用铅笔写的错误？,消防员,橡皮,刺客,黑板擦,黑暗,1
9080,带有暴力意味的词是？,前卫,悬疑,种族主义,坠落,暴力,4
9081,“お正月”用另一种说法怎么说？,岁末,元旦,压岁钱,年末,贺年片,1
9082,表示“店铺”意思的单词是哪一个？,乡村,城市,银行,修理铺,商店,4
9083,朝鲜民主主义人民共和国的通称是？,朝鲜人参,朝鲜语,北朝鲜,韩国,中国,2
9084,过河时乘坐的东西是什么？,水手,小船,汽车,水母,自行车,1
9085,表示比对方有利的状态，或者遛狗时给狗戴上的东西，叫什么？,遛狗绳,牵引绳,优势,手势,导盲犬,1
9086,法国人经常休得很久的是什么？,会议,期待,假期,荞麦面,天,2
9087,由波浪或风搬运砂等堆积而成的水与陆地的交界区域是？,人,数,车站,沙滩,铁轨,3
9088,消除争斗是什么？,和平,爱国心,交易,兵器,战争,0
9089,在某个事象B发生这一条件下，另一个事象A的概率称为什么？,戳,啃咬,打击率,条件表达式,平均值,3
9090,借出的金钱变得无法回收称为什么？,讨债,破产,随从,无处下手,呆账,4
9091,铺在地板上的东西是？,妇人,宠物,水,垫子,游艇,3
9092,进行健康的饮食和运动后，身体会怎样？,变得健康,变得有印象,保持有精神,长寿,没什么特别变化,0
9093,把咖喱浇在米饭上的食物叫什么？,天丼,亲子丼,咖喱盖饭,牛丼,大碗,2
9094,哪一个是原子核？,村庄,肉,我,边界线,中子,4
9095,各种东西都在卖的地方是？,餐厅,卧室,咖啡馆,店,架子,3
9096,和丈夫相对的是？,奥义,妻子,努力,深入里面,经营,1
9097,啃咬树木的动物是？,尘埃,猪,狗,经典,海狸,4
9098,用来存储记忆的是？,芯片,鼠标,胃,内存,连赢马票,3
9099,用制图板进行的事情是什么？,画图,跳舞,做笔记,写字,看,0
9100,哪一个是人体的部位？,厨房,万,教堂,大脑,会场,3
9101,哪种东西可以把食材等切成各种大小？,冰箱,在家上学,菜刀,砧板,搅拌机,2
9102,曾经存在的、新教循道宗系的基督教信徒团体叫什么？,印度教,福音主义,福音教会,福音书,天主教,2
9103,哪种交通工具可以移动得更快？,三轮车,客厅里,汽车,隧道,自行车,2
9104,建筑物内的小地方是？,陆军,浴室,小房间,厕所,战争,2
9105,夜空中能看到的最大的是哪一个？,黑洞,星星,天道,月亮,飞机,3
9106,成为掌管政治的高官叫什么？,当大臣,权力,被贬职,钱,当横纲,0
9107,一整块的黄金叫什么？,钱,纸币,银行,金块,首饰,3
9108,垫在杯子下面的东西是什么？,剪刀,筷子,杯垫,留言卡,玩具,2
9109,“店”用英语怎么说？,shop,dresser,garage,stage,衣橱,0
9110,盛放料理时会用到的是哪一个？,盘子,平底锅,玻璃杯,杯子,信封,0
9111,地球表面广阔的一片蓄满水的部分叫什么？,岩石地带,队列,海,地面,昆虫,2
9112,太阳和月亮出现的地方是？,田地,深海,地下,天空,地面,3
9113,哪一个是肺部的疾病？,喉咙不适,电子支付,现金,肺癌,烟,3
9114,什么是复合文化设施？,广场,地区,市政府,市民中心,球场,3
9115,生产随身听的公司是哪家？,索尼,丰田,本田,大日本帝国宪法,三菱电机,0
9116,在做某事之前事先要做的是什么？,雨,做准备,上床睡觉,小便,风,1
9117,主要在睡眠中，意识清醒却无法活动身体的症状叫什么？,鬼压床,砂金,金泽,打哈欠,步行,0
9118,搜查二课的负责对象是？,杀人,阴谋,诈骗罪,强奸妇女,闯红灯,2
9119,用来证明已经掌握交通规则和驾驶技术的资格是什么？,机动车驾驶证,视力检查,身体检查,上学,参加期末考试,0
9120,盛开的梅花凋落的样子叫什么？,落地种子,落樱,垂枝梅,落梅,花絮,3
9121,用来收纳衣物的是？,车库,剧场,衣橱,公园,游泳池,2
9122,通货、货币叫什么？,钱,当大臣,权力,铁球,纸,0
9123,对年长的女性兄弟姐妹的尊称是？,堂兄弟,沙龙,姐姐大人,堂姐妹,吧台,2
9124,道路上有盖子的洞叫什么？,横穿,信号灯,随机行凶,隧道,井盖,4
9125,表示有好感的是哪一个？,不可能,是的,如此这般,不可能有那种事,有好感,4
9126,拥有领土、人民和自治权的是？,蚱蜢,巴黎,大臣,意大利,国家,4
9127,英语中的 house 指的是哪种场所？,百货商店,家,公园,公寓,教堂,1
9128,不是轻易就能解决的问题是？,不用解,错误,难题,家庭,忘掉,2
9129,单一企业统一经营多个领域的专卖店，并将这些专卖店集中在面积较大的大型店铺中，陈列销售多种商品的零售店的总称叫什么？,信号灯,路缘石,塔,天津饭,百货商店,4
9130,由于过量摄取而引起的症状是？,尼古丁中毒,肺炎,“知识”,香烟,“教养”,0
9131,铁路的停车场所，使列车停靠并办理旅客、货物业务的地方是？,筷子,铁轨,剪刀,车站,沙滩,3
9132,在墙等地方做的收纳空间叫什么？,森林,房间,阁楼,架子,公交车,3
9133,在佛龛前诵念的是什么？,祖先,经文,蜡烛,吊钟,线香,1
9134,学生用来装教科书的东西是？,车,教室,袋子,书包,铅笔盒,3
9135,城市的反义词是？,乡下,森林,草津,雪山,神奈川,0
9136,让狗回到狗窝的口令叫什么？,厨房,回窝（house）,睡觉,背包,铅笔,1
9137,论述事物的是非曲直，发表主张并加以解说，这叫什么？,论说,上课,就诊,广告,社会版,0
9138,首都是北京的国家是哪里？,香港,黑龙江省,黑龙江,美国,中国,4
9139,在发生什么问题等情况时使用的是？,猫,狗,紧急出口,厕所,绿色车厢,2
9140,香喷喷的茶是？,运动饮料,辣味虾仁,虾茶,咖啡,虾尾巴,2
9141,大家聚在一起叫什么？,会合,超市,休息室,百货商店,会议室,0
9142,每周发行的书刊是？,童话,周刊,文书,月刊,故事,1
9143,收拾盘子放到的地方是？,衣橱,架子,器具,塑料,讲台,1
9144,卖蔬菜和水果的地方是？,咖啡馆,书店,蔬果店,邮局,礼拜堂,2
9145,通过网络连接的是？,邮件,网上冲浪,信,钟表,互联网,4
9146,为老年生活而积攒的是哪一个？,购物,打扫,做饭,存钱,坐电车,3
9147,这之中表示地表内部意思的词是哪个？,河,地下,猫,山谷里的河,狗,1
9148,被称为稀土的是哪种元素？,人工元素,铂族元素,稀土类元素,过渡元素,金属元素,2
9149,生物活动的力量是什么？,动力,半生,电力,生命,叹息,3
9150,哪一个是行政区划？,俄亥俄,法院,街坊,郡,内阁,3
9151,在雪山上滑行的运动是？,骑马,爬山,滑雪,足球,棒球,2
9152,家人一起放松的房间叫什么？,厕所,浴室,波斯,起居室,卧室,3
9153,软绵绵、飘飘的的是？,溶解,笑,漂浮,混合,生气,2
9154,最尊贵的信徒是？,乞丐,教皇,信徒,平民,礼拜堂,1
9155,英语中说 airport 是指？,建筑物,机场,栋,车站,停车场,1
9156,用声音和词语产生音乐性声音的行为是？,占卜,咒语,歌唱,小号,乐队,2
9157,装啤酒的容器是？,日本,壶,瓶子,盖子,水壶,2
9158,举行入学典礼、入职典礼的月份是？,后背,蜜月,计算器,早苗月,四月,4
9159,剧场最前排的座位叫什么？,前排座,紧贴,优先,有条件采录,最前面,0
9160,有时会用于枪里的东西是？,天气,云,雪,空气,水,3
9161,大学生为了进一步学习而进入研究室等，这样被称作什么？,狗,研究生,临时工作,猫,书库,1
9162,哪一个可以做肥料？,木匠,美容师,牛粪,马车,昆虫,2
9163,是谁在掌管店铺？,命令,鼠标垫,队长,老板,经理,4
9164,用来放入并装饰照片等的东西是？,宇宙,画框,袋子,盒子,存钱,1
9165,要削的是哪一个？,钢笔,电视,电脑,便签纸,铅笔,4
9166,想要排泄时会去的地方是哪里？,绿色车厢,紧急出口,厕所,猫,狗,2
9167,在占领地或殖民地中的最高指挥官叫什么？,风车,班长,学生会,主管,总督,4
9168,顶端叫什么？,豆腐,热度,顶峰,阳光照射,大豆,2
9169,被投资者有意操纵的股票叫什么？,坐庄股,尼亚加拉,卖空,坐庄柱,坐庄行情,0
9170,在芬兰、丹麦、加利福尼亚州等地实施的，根据所含碳的数量或比例，对石油、天然气等征收的税叫什么？,二氧化碳,消费税,碳税,所得税,碳14法,2
9171,买东西的地方是？,书店,报纸,温泉,河滩,图书馆,0
9172,哪一个是国家？,大海,日野,日本,地面,日比谷,2
9173,从摇篮到坟墓的漫长路程叫什么？,标记,高速公路,学问,人生,胜利之路,3
9174,在厕所里用什么擦屁股？,水,猫,椅子,纸,手,3
9175,把明信片放进邮筒寄出，这个行为叫什么？,邮寄,书桌,传真,电子邮件,文件柜,0
9176,在听众面前就某件事进行讲话的人是？,说话者,猫,看热闹的人,狗,演讲者,4
9177,储存葡萄酒的地方是？,酒窖,电风扇,冰盒,冷冻室,烘干机,0
9178,把两个东西粘在一起的是？,营业,船,炎症,钻头,胶水,4
9179,在法国被用来表示单间公寓、一般作为照片或影像等拍摄录制用途的设施叫什么？,画展,电影院,房间,列车,摄影棚,4
9180,人类主要用于排泄大小便的器具，古时候多为可移动式或室外设施，近年以陶瓷制品为主，已成为住宅设备部件之一的是？,房间,便器,别墅,浴缸,店员,1
9181,柑橘类的代表性水果是？,苹果,草莓,植物,橘子,芒果,3
9182,哪一个是交通工具？,科长,坟墓,藻类,渔船,船员,3
9183,做饭、烹饪食物的地方是？,自家,厨房,角落,公寓,公寓大楼,1
9184,会感到反胃、恶心的是？,压力,喷嚏,心脏,发烧,肝脏,0
9185,经营家用电器产品的零售店叫什么？,量贩店,现在,超市,百货商店,电器店,4
9186,鞋子或袋子上用来系起来的东西是什么？,朋友,腰带,领带,绳子,电话簿,3
9187,同一所学校或同一职场的人一起生活的地方是？,画室,公寓大楼,宿舍,公寓,抽屉,2
9188,构成物体外侧的那一面叫什么？,平面,对面,身体,表面,脸面,3
9189,打棒球的地方是？,音乐教室,乐队,棒球场,教室,道路,2
9190,夏天常配着毛豆下酒喝的、会起泡的饮料是？,啤酒,烧酒,葡萄酒,客厅,衣橱,0
9191,从树上枯萎后掉下来的东西是什么？,大豆,苔藓,豆腐,霜,落叶,4
9192,用文字寄送的邮便是？,传真,接待员,信纸,明信片,纸箱,2
9193,在海里潜水的人是？,比基尼,眼镜,正在潜水的人,擦汗巾,花,2
9194,喝得太多会中毒的是？,天津饭,红绿灯,痛风,酒精,喝太多,3
9195,与俄罗斯接壤的是？,内蒙古,布拉马普特拉河,蒙贝尔,甘肃,蒙托亚,0
9196,属于犬科犬属的哺乳动物是？,蜱虫,猫,狗,松鼠,丈夫,2
9197,哪一个是海外？,市内,东京,奥地利,专有名词,大阪,2
9198,学习的地方是？,地铁,学校,厕所,前面,浴室,1
9199,从田地里收进农作物叫什么？,破坏自然,收获,插秧,砍伐,浇水,1
9200,“下町”用英语怎么说？,大楼,商业街,市中心（downtown）,草莓,芒果,2
9201,事先要做的事情？,开始,修正,做准备,结束,预先准备,2
9202,实验中使用的工具是？,笔记本,黑板,烧瓶,粉笔,白板,2
9203,也用于比赛的交通工具是？,香蕉船,豪华客轮,摩托艇,游艇,湖,3
9204,看到苹果落下而得到“万有引力定律”启发的是谁？,巴赫,哈佛,研究室,牛顿,科搜研,3
9205,曾经播放タモリ先生中午节目的是哪里？,ALTA大楼,富士山,赤坂王子酒店,东京塔,五金店,0
9206,会去礼拜的是？,游乐园,幽灵,幼儿园,坟墓,木鱼,3
9207,把东西收入保管场所叫什么？,入库,更换,驶入,推进,清洗,0
9208,在电脑上按按钮进行输入的设备是？,风琴,飞机,键盘,长笛,汽车,2
9209,“運動”用英语怎么说？,足球,体育（sport）,玩耍,慢跑,游泳,1
9210,通过欺骗夺取金钱的是？,诈骗,有罪,小偷,加害者,犯人,0
9211,“そもそも”“从一开始”可以换句话说成？,本来,发髻绳,的确,终于,批发商,0
9212,衣服的一部分，用来放些小东西的地方是？,车厢,家,不满,口袋,丝瓜,3
9213,把声音变成电信号，传到远处，再把它还原成声音，从而能相互通话的通信方式叫什么？,朋友,莫尔斯电码,日志,电话,演讲,3
9214,落语家的名字是？,古今节,古今类句,古今店,古今亭,旧报纸,3
9215,为了保护汽车免受风雨和阳光等侵害而建造的建筑物是什么？,树,办公楼,自行车停车场,停车场,车库,4
9216,指活动身体的竞技项目的是？,学习,教育委员会,学校,睡眠,体育运动,4
9217,“小道具”的反义词是？,大道具,无用物品,家,处理品,专家,0
9218,收集成熟的农作物叫做什么？,收获,播种,插秧,冰箱,锅,0
9219,吃食物叫做什么？,吃饭,捕获,听音乐,咬,起床,0
9220,桌子、台子的别称是？,椅子,清单,梯子,桌,器皿,3
9221,带负电荷的电子是？,基本粒子,阴电子,原子,分子,质子,1
9222,贴在笔记本等上面玩的东西是？,镇纸,和纸,贴纸,毛笔,辞典,2
9223,在巢箱里饲养，蜂王浆等也被视为珍品的是什么？,蜜蜂,水蜜桃,风,忍辱波罗蜜,雨,0
9224,如果不想服从体制该怎么办？,反政府,非政府组织,空气,方便,军政府,0
9225,我住的地方是？,家,书店,天空,地下室,防空洞,0
9226,日本的首都是哪一个？,派出所,福冈,东京,大阪,巡逻,2
9227,在基督教中，用来进行礼拜的建筑是哪一个？,音乐厅,礼拜堂,婚礼会场,猫房,结婚,1
9228,这之中哪一个是工具？,钳子,工具,意大利面,子弹,筷子,0
9229,说到业余体育的盛会，是哪种大会？,马拉松,奥运会,县级比赛,欧洲,国体,1
9230,Mac OS 附带的桌面附件中，用于文本输入的是哪一个？,电视,绘画,收音机,记事本,朋友,3
9231,哪一个是载人飞行的？,鸡,气球,扫帚,鸟,飞机,4
9232,大量树木聚集的地方叫什么？,阁楼,图书券,图书馆,书架,森林,4
9233,在将长篇影片投射到银幕上时，男性出演者叫什么？,新闻片,道路,无声电影,车站,电影演员,4
9234,哆啦A梦睡觉的地方是？,壁橱,仓房,车厢,家庭,水泥管,0
9235,在建筑物或会场等的入口处，询问来访或前来集合者的姓名和事由并进行转达，以及做其他安排的地方或那个人叫什么？,接待处,机房,审议会,委员会,警卫,0
9236,为了通过某个考试而进行挑战的行为是什么？,调查,应试,卯,青梅竹马,合格,1
9237,围棋盘或将棋盘等的上面叫什么？,盘上,风,雨,后妻,长进,0
9238,表示让自身质量变轻的是哪一个？,跳绳,散步,减轻体重,运动,出汗,2
9239,织田信长军和今川义元军交战的地点是哪里？,桶屋,江户,桶榨,桶狭间,三河,3
9240,过去常用来捆绑罪人等人的东西是？,绳子,粗绳,细绳,线,捻绳,0
9241,要换衣服的是哪一个？,站起来,换衣服,打扫卫生,小便,洗手,1
9242,请选择片假名写的词？,蔬菜,超市,食品店,百货店,酒铺,1
9243,和式房间里，用来隔开房间和房间的东西是什么？,窗帘,榻榻米,坐垫,隔断,拉门,4
9244,西式的起居室叫什么？,客厅（Living room）,钻石,草莓,以下,里间,0
9245,“ジャンプ”的日语是？,跳,切,有外骨骼,有翅膀,流,0
9246,在东京的那座红色塔叫什么？,皇居,东京巨蛋,晴空塔,通天阁,东京塔,4
9247,雨过天晴时，在与太阳相反方向出现的彩色光环叫什么？,月亮,宇宙,彩虹,结晶,瀑布,2
9248,通宵熬夜后的第二天会袭来的是什么？,感冒,徒劳感,疾病,困意,后悔,3
9249,收纳寝具的空间是？,工厂,碗柜,壁橱,衣柜,冰箱,2
9250,从宇宙看去是蓝色而且圆的星球是？,大洋洲,生物,动物,美国,地球,4
9251,故意夺去他人生命的行为是？,挑起战争,防御,盗垒,贡献,杀害,4
9252,在学校课程中，主要学习汉字和文章的科目是？,算术,作物,交流,国语,语言,3
9253,创作并吟诵诗歌的人是？,蘑菇,风筝,落伍者,游手好闲的人,诗人,4
9254,在祭典上进行的、有中奖和没中奖之分的活动是什么？,阿弥陀签,彩票,模具切割,捞金鱼,抽签,4
9255,表示“家人”含义的词是？,小姐（Mademoiselle）,家庭（Family）,朋友（Friends）,宠物,葡萄酒,1
9256,以棉花为原料的织物是？,木棉织物,上总木棉,琉球絣,大岛绉绸,胜间木棉,0
9257,有鳃、有鳞、有鳍，生活在水中的生物是什么？,钓鱼人,蛇,鱼,青蛙,三脚架,2
9258,在北海道是札幌市，在爱知县是名古屋市，这些被称为什么？,九州,日本,县政府所在地,都道府县,政令指定城市,2
9259,“太陽”用英语怎么说？,人类,sun,自然,浴室,火焰,1
9260,可靠的部下是？,风,雨,得力助手,头,右脚,2
9261,把事情说给别人听叫做？,开店,争吵,讲述,看,明白,2
9262,教室前面绿色的东西是什么？,烧瓶,白板,黑板,画纸,烧杯,2
9263,山里小动物吃的东西是？,虫子,坚果／果实,鲱鱼,药剂,鱼,1
9264,把各种事象综合起来思考叫做？,学会,直送,合谋,综合,生存,3
9265,治病的职业是？,外科医生,占卜师,相声演员,医生,手术刀,3
9266,“担心、忧虑”的反义词是？,情,愤怒,放心,悲伤,安心,4
9267,在油田中用于开采原油的井叫什么？,油井,地基,球场,维修工厂,地平线,0
9268,下列哪一个是用来减小汽车排气声的？,按钮,开关,消音器,燃料箱,底盘,2
9269,把头发等打理干净的地方叫什么？,饭馆,联排别墅,美容院,学校,公司,2
9270,靠汽油运转的是？,大海,汽车,电波,学校,邮局,1
9271,打猎时用的东西是？,机关枪,步枪,手套,手枪,绳子,1
9272,主要用来饲养栖息在水边生物的工具是？,水槽／鱼缸,篮子,液体,陶瓷器,塑料,0
9273,力士的别称是？,预备相扑,相扑草,相扑人,大豆,豆腐,2
9274,当国家遭到侵略时行使自卫权，以军事力量等予以拒绝、抵抗，这叫什么？,迎击,枪击,杀害,空袭,防卫,4
9275,洗脸的地方是？,洗脸间,店铺,厨房,梳妆台,库存,0
9276,用记载或张贴的方式来显示联络事项或传达事项的器具是？,门,报纸,黑板,垫子,传单,2
9277,可以把文章发送给对方，简称传真（ファックス）的机器是什么？,复印机,传真机,纸张,版画,颜料,1
9278,在初中就读的学生叫什么？,研究生,小学生,学生证,高中生,初中生,4
9279,位于福井县西南部、若狭几乎中央的城市是？,小锅,小滨,大滨,零售,高滨,1
9280,下面哪一个是在住宅最上面的？,基盘,间柱,天花板,地板,地基,2
9281,对人类来说危险的鳗鱼是？,海鳗,电鳗,星鳗,大鳗鱼,鳗鱼火锅,1
9282,议员们聚集起来审议国策等的场所是？,国会议事堂,晴空塔,市政府,托儿所,东京塔,0
9283,一提到垃圾处理会想到？,人,最终处理场,堆肥箱,袋子,包,1
9284,千叶县的县政府所在地是？,迪士尼乐园,新宿,木更津,千叶市,品川,3
9285,在海里游、有尾鳍和胸鳍的生物是？,淡水鱼,鱼,河鱼,主厨,乌贼,1
9286,博多站位于哪里？,冲绳,长崎,熊本,福冈,那霸市,3
9287,喝酒取乐的地方是？,图书馆,酒店,酒馆,厕所,灯笼,2
9288,百货商店地下主要卖的是什么？,花生酱,红茶,果酱,蔬果,食品,4
9289,肉类的美味佳肴是？,天津饭,牛排,食物,红绿灯,脂肪,1
9290,人进行竞争的行为是？,胃,走路,绕湖走路,移行,进行竞技,4
9291,让女性听了会高兴的形容词是？,打开,黄色的,漂亮,美丽,温柔,3
9292,吟诵诗的人是？,酒窖,诗人,歌人,俳人,保安,1
9293,没有父母的孩子所住的设施是？,孤儿院,医院,托儿所,小屋,旅馆,0
9294,一提到美国的城市会想到？,伦敦,购物中心,城市,悉尼,纽约,4
9295,手脚上有的东西是？,地毯,瓜,睫毛,指甲,电视,3
9296,接收广播并在屏幕上显示的电器是？,墙,电视,收音机,沙发,录像机,1
9297,马来西亚的首都是？,罗马,马绍尔群岛,华盛顿,吉隆坡,马六甲,3
9298,脚踝处左右骨头隆起的部分是？,大胸肌,脚踝骨,脚后跟,大拇指,蛋白质,1
9299,吃起来好吃的是？,数,独角仙,虾,人,蜻蜓,2
9300,哪一个是黑色的？,剪刀,筷子,独角仙,蜻蜓,虾,2
9301,哪个国家的意大利面很好吃？,艾尔,意大利,葡萄牙,西班牙,奥地利,1
9302,由蚕茧制成的纤维是？,振袖和服,腰带（和服带）,丝绸,涤纶,丧服,2
9303,哪一个是美国的州？,大洋洲,内布拉斯加,乡下,牧场,俄罗斯,1
9304,从家里出去叫做什么？,吃饭,外出,去慢跑,睡觉,玩耍,1
9305,能让冷的食物瞬间变热的魔法盒子是？,冰箱,玻璃杯,衣橱,冷冻库,微波炉,4
9306,药当中，哪一种是颗粒状的？,液体,口香糖,漱口液,药片,感冒药,3
9307,用汉字写作“無花果”，果实里有很多红色小颗粒的水果是？,红绿灯,无花果,天津饭,茉莉花,花历,1
9308,被逮捕后会去哪里？,拘留所,社区,市,区域,地区,0
9309,与已婚者坠入爱河的女性叫做？,公寓妻,轰轰烈烈的恋爱,夜逃,出轨妻,闪电,3
9310,能自动清洗盘子和杯子等的机器是什么？,吸尘器,洗衣机,勺子,点心,洗碗机,4
9311,在现实中有可能发生的事情叫什么？,真实,有限,简素,虚拟,复杂,0
9312,对人的金钱买卖称为什么？,人口买卖,人身事故,器官买卖,人身攻击,奴隶买卖,0
9313,以聚合物为原料制成的袋子是？,塑料袋,胃袋,暴举,恶言,忍耐的极限（忍耐袋）,0
9314,下面哪一个是烹饪器具？,猪,干鱼,狗,平底锅,肥皂,3
9315,头、胸、腹分节的节肢动物叫什么？,昆虫,草莓,钻石,海,队列,0
9316,用来装饮料的东西是？,书桌,干货,瓶子,头,购物袋,2
9317,肥皂放在哪里？,海里,沙坑,美国,水槽,肥皂碟,4
9318,被问到问题时要做什么？,工作,写小说,烦恼,作答,加工,3
9319,「運動する」の英语是什么？,滑冰,跑步,运动,摔倒,玩耍,2
9320,填海造地的雅致说法叫什么？,山谷,筑地,港口,大海,海岸,1
9321,在马来西亚有名的海峡在哪里？,马绍尔群岛,马六甲,吉隆坡,台湾,印度,1
9322,表示卖东西的人的单词是哪一个？,上学用书包,售货员,厨师,向导,瓶子,1
9323,为了防暑戴在头上的东西是？,拼图,鞋,帽子,猫,眼镜,2
9324,比公寓楼更小、用来出租的房间是？,公寓（多户住宅）,别墅,家庭,家,小木屋,0
9325,相对于能乐狂言和歌舞伎舞蹈，指戏剧的说法是什么？,歌舞伎仙贝,歌舞伎町,歌舞伎十八番,新宿,歌舞伎戏剧,4
9326,哪一个是紧致可爱的屁股？,话尾,桃臀,桃色游戏,尾巴,粉红鹦鹉,1
9327,吃完饭后说的话是？,再来一份,平样,多谢款待,好像是,辛苦了,2
9328,铅笔是用来做什么的？,用来读,计算,用来看,用来写,学习,3
9329,英语中的“musical instrument”是指什么？,生日,演歌,乐器,舞台,竞技场,2
9330,用日语写着招牌的店是？,便利店,食品店,蔬菜,超市,商店,1
9331,把黏土捏成一定形状后放进窑里烧制的东西叫什么？,武士,恋事,块状物,瓦片,污物,3
9332,自己居住的地方是？,韩国,日本,九州,朝鲜,长崎县,1
9333,三越、高岛屋、大丸等店的总称是什么？,百货商店,超市,便利店,企业,报刊亭,0
9334,虽然不是医院，但需要护理的老人会使用的场所是？,集会所,牙医,护理设施,医局,公民馆,2
9335,在开关汽车或房间时使用的东西是？,窗户,门,朋友,门扉,电线,1
9336,可以看到自己脸的是？,镜子,垫子,眼睛,对方,床单,0
9337,可以吃到拉面和饺子的地方是？,饮食店,中餐馆,面包店,蔬菜店,餐厅,1
9338,生活在海里的生物是？,鹈鹕,盆栽,老虎,宇宙空间,鲨鱼,4
9339,车上搭载的音响设备叫什么？,儿童安全座椅,塑料布,底部,车载音响,木板,3
9340,人或动物为进行意思沟通而发出的是什么？,风铃,雷声,声音,吸尘器,响动,2
9341,把食物油炸、翻炒或煮等，一般统称为什么？,狩猎,烹饪,解决,汤,早餐,1
9342,属于十足目短尾下目的甲壳类的总称叫什么？,海星,船夫,通道,珊瑚,螃蟹,4
9343,从远离设备的地方进行操作叫什么？,远程开关,雨,远程显示,风,远程控制,4
9344,花生的产地是？,千叶县,日本,四国,本州,北海道,0
9345,在房子里面有的是哪一个？,起居室,地下通道,底部,木板,超市,0
9346,世界上第六大岛屿是？,四国,苏门答腊岛,北海道,马尔代夫,新西兰,1
9347,“ミート”是指？,骨头,牛,肉,儿童套餐,腌黄瓜,2
9348,对将来有了眉目、看清前景叫做什么？,喘口气,碰到鼻子,想出来,有了眉目,烙上印记,3
9349,在根茎类蔬菜中，马喜欢吃的是？,青椒,胡萝卜,大豆,豆腐,家人,1
9350,哪个是美国的城市？,中华人民共和国,新德里,伦敦,纽约,南京町,3
9351,是哪一种是描写奔跑的说法？,完全变成某种角色,挂断电话,大摇大摆地走,摆出架势,切蔬菜,2
9352,进行演奏的一支团体是？,马戏团,话剧社,音乐教室,棒球场,乐队,4
9353,像横穴式住居那样的简易型旅馆是？,胶囊旅馆,床单,床,商务人士,帐篷,0
9354,在日本设立的驻在机构是？,日产,驻日,傍晚,来日,日脚,1
9355,下面当中，在葬礼等场合常见的是哪一个？,铜,铁,黑历史,黑布,铝,3
9356,用来存放物品的房间是？,淋浴室,相扑部屋,储物间,餐饮店,食堂,2
9357,对书籍、杂志的零售店、批发商和出版社统称为什么？,敲竹杠,酒店,墓地,虚业,书店,4
9358,把过去的失败经历称作什么？,美谈,黑布,黑历史,铁,武勇传,2
9359,甜点是？,香蕉,荞麦面,拉面,热蛋糕（松饼）,蜜烤红薯块,3
9360,指大范围内树木密集的地方叫什么？,栋,库,草原,森林,灌木,3
9361,用于身体或衣服等，使其带有香味的东西叫什么？,香水,品牌,纸巾,镜子,喷雾,0
9362,土和冰混合凝结在一起的东西是？,寒冷的状态,混凝土,企鹅,黏土,冻土,4
9363,① 书斋。书房。② 书店。书铺。这是什么？,架子,图书馆,书房,书桌,书架,2
9364,把儿童等唱的童谣收集在一起的是什么？,J-pop,唱歌集,歌剧,音乐会,军歌,1
9365,手指尖端坚硬的部分是什么？,关节,指纹,指甲,骨头,小指,2
9366,用来测量东西的工具是什么？,笔记本,尺子,订书机,键盘,铅笔,1
9367,由极多个体聚集而形成的大规模群体叫什么？,得克萨斯,祭典,花园,大群,流行,3
9368,哪一个是进行体育运动的场所？,山丘,小牧场,教室,森林里,棒球场,4
9369,公开演剧、电影院放映、影像等的设施叫什么？,饵料,剧场,业者,大豆,豆腐,1
9370,读书这件事？,想起,学习,二宫金次郎,图书馆,读书,4
9371,哪一个是植物？,鱼,船员,水藻,渔船,太阳,2
9372,不上学在家学习的是？,视频,基础学习,菜刀,在家上学,冰箱,3
9373,用来装钱的东西是？,口袋,店铺,钱包,罐子,包,2
9374,给涂料上色时要做的事情是？,刷油漆,量杯,用毛笔写字,客房,涂颜料,0
9375,保卫国家的部队是？,纪律,风,雨,自卫队,服从,3
9376,城镇里建着的高大建筑物是什么？,野生动物园,厨房,大楼,平房,修道院,2
9377,下列哪一个是封锁某物的动作？,转动,锁国,感染,关上,打开,3
9378,电视、车（カー）共同具有的是什么？,白色,塑料,文件,黑色,电缆,4
9379,精神病患者住院的医院叫什么？,急救医院,精神分裂症,老年病医院,精神病患者,精神病院,4
9380,“ホームレス”是指什么？,设施,没有住处的人,河,宠物,水,1
9381,做饭时产生的食物垃圾叫什么？,豆腐,核心,厨余垃圾,碎屑,大豆,2
9382,一般为四年制，用来学习专业知识的学校叫什么？,招牌,生意,大学,专门学校,预备学校,2
9383,点心等很有名，被称为有四千年历史的料理是？,天津饭,日式料理,信号灯,中餐,西餐,3
9384,把士兵集合起来付诸行动叫做什么？,举兵,升旗,集合,战斗,宣战,0
9385,用火药发射的大型弹丸叫什么？,货马车,杀人,麻雀,合众国,大炮,4
9386,不动产中介公司“Apaman Shop”中的“アパ”是哪个词的缩写？,APA酒店,房子,教堂,公寓,服装业,3
9387,人或车辆通行的路叫什么？,道路,公交车站,府,市,县,0
9388,下雨时使用的工具是？,便利店,伞,栈桥,帐篷,小屋,1
9389,被称为公司“役员”的人叫什么？,媒体,董事,羊驼,上司,董事会,1
9390,一个国家的人民叫什么？,国民,男子’,民族,民众,‘大人,0
9391,警察大叔腰间佩戴的是什么？,手枪,手表,机关枪,步枪,眼镜,0
9392,辣味的中餐是？,虾茶,饺子,辣味虾仁,虾尾巴,天津饭,2
9393,统称挂在上身穿的衣物叫什么？,上风,裤衩,上衣罩,背带裤,计入,2
9394,拍摄静态画面时使用的设备是？,手帕,毛巾,葡萄,数码相机,海绵,3
9395,两个产业之间的价格差叫什么？,剪刀差,花剪,珍珠,和式剪刀,钻石,0
9396,供公众使用的飞行场叫什么？,公交车,灯塔,码头,机场,歌剧,3
9397,在这三个中，表示两轮车辆的名称是？,垃圾,大轮,文书,WAC,两轮,4
9398,不是脚趾，而是手上的什么？,鼻子,口袋,百货商店,手指,头,3
9399,“胸围”用英语怎么说？,桌子,笔,冰柜,胸围,架子,3
9400,山上长着很多树的是？,地面,后院,农场,森林,底部,3
9401,表示美国国家形态的词是？,联合国,合众国,共和国,华盛顿,拓荒精神,1
9402,轻视、嘲笑他人是什么？,愤怒,优越感,爱,轻蔑,尊敬,3
9403,走路时会留下的是什么？,脚印,痕迹,脚步声,砂砾,浮木,0
9404,用来收纳文件等东西的是什么？,餐具柜,刀,文件夹,铅笔,浴室,2
9405,因营养而变硬的是？,维生素,身体,黏膜,骨头,胶原蛋白,3
9406,说到国王、王后、骑士，会想到？,飞盘,国际象棋棋子,围棋,将棋,跳绳,1
9407,回到故乡叫什么？,品味,回乡,管制,回家,归还,1
9408,日本从5月末到7月上旬至中旬，多阴天和雨天的时期叫什么？,温度,梅雨,烟雾,酷暑,台风,1
9409,看到别人优秀的样子，自己也想那样，这叫什么？,羡慕,烦恼,累,困,挂心,0
9410,有很多读物的店是？,家具店,五金店,卧室,书店,服装店,3
9411,能以较轻的还款负担获得贷款的是？,投资资金,库存资金,诈骗,抵押品,低息资金,4
9412,称呼成年的男子为什么？,壮实,漂亮,不透明,透明,脏,0
9413,在第二次世界大战中，向日本投下原子弹的国家是？,大洋洲,筷子,剪刀,地球,美国,4
9414,基于一定理论而系统化的知识和方法，对哲学、历史学、心理学、语言学等人文科学，政治学、法学等社会科学，物理学、化学等自然科学的总称叫什么？,信,机器,算术,写字,学问,4
9415,室内的上部是？,树,鸟,农场,天花板,暗处,3
9416,与食道相连的消化器官是？,车库,神经,舞台,风琴,胃,4
9417,日常去购买食物的地方是？,理发店,超市,百货商店,黑市,企业,1
9418,用来裁布、剪纸、美发师用来剪头发的东西是？,小卖部,豆腐,剪刀,二宫金次郎,大豆,2
9419,手洗餐具等时使用的工具是？,数码相机,珍珠,海绵,葡萄,钻石,2
9420,“鉛筆”用英语怎么说？,pencil,彼得,球,沙发,心得,0
9421,长时间被关在同一个地方叫什么？,疼痛,解放,腹肌,世界,监禁,4
9422,把车道和人行道分隔开的物体是什么？,规则,路缘石,道德,建筑物,树叶,1
9423,在古代欧洲的俗信中，被认为以超自然力量危害人畜的人，或者施展妖术之人，叫什么？,天使,声音,首相,电视接收机,女巫,4
9424,人气很高的人叫什么？,地球,航天飞机,明星,太空,土,2
9425,对公司等的总称是什么？,百货商店,企业,商店,超市,街坊会,1
9426,在客机上，就旅客及其行李的运输而签发的登机用票券的总称叫什么？,指定席车票,道路,特快车票,机票,往返票,3
9427,高中生之前都会去的设施是？,公立大学,学校,图书馆,日本的大学,游泳池,1
9428,指文化性的学问的是？,读物,提交,文学,资料,文献,2
9429,人口集中的是哪里？,地图,城市,村庄,沙漠,县,1
9430,“love”的日语是什么？,工作,指压,爱,饥饿,狗,2
9431,用来梳理头发的是？,橡皮筋,杯子,剪刀,食物,刷子,4
9432,日式房间里一定铺着的东西是什么？,坐垫,推拉门,地毯,地毯,榻榻米,4
9433,横着穿过叫什么？,隧道,下水道井盖,护卫,横断,随机行凶,3
9434,哪一个单词有“饲养的动物的饲料”这个意思？,图书,瓷砖,文书,饲料,资料,3
9435,被吓得猛然一惊时会流出的是什么？,水蒸气,脸颊,自由泳（爬泳）,冷汗,热水,3
9436,通过enjoy而感到兴奋之类的事情是？,生气的事,被爱的事,悲伤的事,笑,享受的事,4
9437,哪一个是“澡堂”？,海,海滩,湖,游泳池,澡堂,4
9438,源自中国思想，把森罗万象、宇宙中一切事物从各种角度分为阴和阳两种类别的思想是什么？,阴阳,甜辣,雄臼,男人,高低,0
9439,一天之中最先进行的吃东西的行为叫什么？,汤,早餐,料理,万佩尔,塞拉兹,1
9440,在脱内裤之前必须做的事情是？,戴上,脱裤子,穿上,脱衣服,上厕所,1
9441,在祭典上常卖、并且有各种英雄等种类的东西是？,烟花,蜂蜜蛋糕,假面,面具,捞金鱼,3
9442,我的国籍是？,大海,草莓,稀树草原,钻石,日本,4
9443,下面当中，哪一个是液体？,饮用水,面粉,玉米,砂糖,盐,0
9444,哪一种的视力非常好？,虾,独角仙,蜻蜓,剪刀,筷子,2
9445,用甘蔗制作的是？,糖渍食品,白砂糖,盐,甜菜,胡椒,1
9446,饲养牛的是？,函馆,鸡,猪,牧场,夜景,3
9447,人们的交通方式汇集的场所是？,车站,学校,家,繁华街,祭典,0
9448,人的欲望是？,无止境的,辛辣的,疼痛的,寒冷的,冰冷的,0
9449,阻隔国境的是？,木板,银,金星,岩石,铁丝网,4
9450,描绘风景等的东西是？,画,汽车,车,网干,迁移,0
9451,读作「ひどい」的是哪一个？,酷い,危うい,火土井,広い,悪い,0
9452,与日本友好相处是？,访日,来日,十日,亲日,历法,3
9453,用当地指定的垃圾袋丢弃的是？,垃圾,袜子,老板,床垫,失误,0
9454,很大的是？,王子,生物,蚂蚁,城堡,螨虫,3
9455,盖在锅等上面的东西叫什么？,筷子,勺子,叉子,盘子,盖子,4
9456,“チキン”用日语怎么说？,猪肉,鸡肉,牛肉,羊肉,肉类,1
9457,在手指尖端的是？,耳朵,无名指,指甲,脚,大腿,2
9458,与照片有关的是哪一个？,流枝,媚眼,摇摄,水槽,流水作业,2
9459,用机器拍摄物品或人的店叫什么？,照片判定,照相机店,猪,相册,狗,1
9460,在医院或车站用来等候的地方是？,厕所,候诊室 / 等候室,电脑,吸烟区,家政教室,1
9461,在建筑物里面抬头看得到的是桁和什么？,偶像,梁,阴影,茶室,器具,1
9462,学校教育中的科目是？,乐队,音乐,人们,音箱,电视,1
9463,会用到洗涤剂、柔顺剂的是？,外出,晒被子,洗澡,洗衣服,空气,3
9464,放有很多书并且可以借出的地方是？,图书馆,公寓大楼,学校,幼儿园,大楼,0
9465,哪种的卵被称为“数の子”？,蛇,树果,药剂,鲱鱼,蜥蜴,3
9466,不是特定的人或物，而是指具有同样作用的另一个人或物，叫什么？,替代,药物,结束,规定,口香糖,0
9467,和绘画有关的词是？,照相机,加美拉,抽屉,画室,宿舍,3
9468,上班族的战斗服是？,豆腐,维修技师,纸箱,大豆,西装,4
9469,用来锯木头等的带锯齿刀刃的工具是什么？,菜刀,防水砂纸,研磨剂,锯子,剪刀,3
9470,覆盖地球陆地表面的物质是？,杂草,水源,空气,泥,土,4
9471,是房间的是？,游泳池,年轻人,公园,实验室,显微镜,3
9472,制作东西时需要的是什么？,工具,直觉,睡眠,运动,桌子,0
9473,说到照明器具是指？,神,灯,豆子,图书,拼图,1
9474,“ガレッジ、ユニバーシティ”指的是什么？,京都,大阪,地球,美利坚合众国,大学,4
9475,在差点出事的时候会说的话是？,好险,很糟,不好,你好,对不起,0
9476,放牧的牛吃的东西是？,走失的孩子,鸽子,牧草,米饭,巧克力,2
9477,位于美国的大学是？,莱顿大学,麻省理工学院,剑桥大学,社团,多伦多大学,1
9478,细小的石头叫什么？,小路,砂砾,浮木,脚印,巨石,1
9479,当你想说活到超过平均寿命的年纪时，用哪种说法？,早死,逃亡,长寿,去小便,跑步,2
9480,表示整个身体的词语是？,体育,躯干,身体,腰带,身高,2
9481,用哪个词来形容小猫的可爱？,硬,粗犷,魁梧,美丽,可爱,4
9482,英语中的“cabinet”指的是哪种家具？,橱柜,烘干机,建筑物,地下,浴室,0
9483,进行戏剧表演的建筑叫什么？,摄影棚,戏剧,问题,良品,演艺场,4
9484,山中的河流是？,垃圾,树木,湖泊,大河,山涧溪流,4
9485,共享同一文化、生活方式相同的群体是？,邻里,民众,区民,民族,国民,3
9486,为了掌握专业知识而使用的东西是？,图画日记,纪念馆,教材,绘画,游戏,2
9487,对要买的东西的总称是哪一个？,收据,衣服,价格,葡萄,商品,4
9488,属于博物馆一种的建筑是哪个？,美术馆,东京都厅,水族馆,想象力,天上界,0
9489,哪一个是读物？,书,力量,铅笔盒,专家,食品,0
9490,为了让交通工具安全通行，用来告知行动的是？,信号灯,放飞直升机,飞机,电话,驾驶,0
9491,在寺院中，为诵经而设立的空间叫什么？,礼拜堂,恶人,牢笼,宝物殿,五重塔,0
9492,建筑物的外面是？,照片,室内,室外,屋内,农园,2
9493,“市场”用英语怎么说？,商店,超市,镇公所,market（市场）,咖啡馆,3
9494,十二生肖的开头是哪个？,盘子,厨师,狗,老鼠,猫,3
9495,设有众议院和参议院的机构是？,首都,国会,国土交通省,霞关,文部科学省,1
9496,丢弃不要的东西的行为是？,打扫,投递,扔垃圾,投票,重新糊纸拉门,2
9497,有住宅或商业设施入驻的建筑是？,铁塔,大楼,公寓,东京,电线杆,1
9498,用乐器演奏或唱歌，由数人组成的是？,表演秀,争球（橄榄球的并列争球）,宣传活动,乐队,巡演,3
9499,学习时会用到的是椅子和什么？,桌子,筷子,工具,直觉,枕头,0
9500,海边有什么？,太阳镜,泳装,沙滩,淋浴,帽子,2
9501,用发动机驱动的四轮等交通工具是？,营业,汽车,车,画,卯（兔）,1
9502,在校期间穿着西装到各公司拜访的是？,店头,出差,求职活动,银行,旅行,2
9503,最近用这个或智能手机来拍照的东西是？,手表,吸尘器,数码相机,眼镜,书,2
9504,敲击电脑键盘的是？,地面,集装箱,雨,风,手指,4
9505,“トゥリー”用日语怎么说？,黄瓜,花园,树林,树,羊羹,3
9506,这之中表示动物的词是？,牧草地,熊,畜牧,野兽,野草,1
9507,由国家或地方自治体运营的大学是？,养老院,公立大学,学校,托儿所,日本的大学,1
9508,金属制的小容器叫什么？,瓶子,肉铺,罐头；金属罐,蔬菜店,市场,2
9509,“外”的反义词是？,晴朗,内,动物,泥沼,植物,1
9510,手提行李包是？,塑料购物袋,手提包,双肩背包,纸袋,旅行箱,1
9511,生产“とんがりコーン”的厂家是？,好侍（House）,山崎,格力高,得克萨斯,纪念碑,0
9512,治疗蛀牙的是？,儿科,内科,都市,牙科,市内,3
9513,在日本住宅中，收纳被褥的地方是哪里？,榻榻米,书架,书桌,壁橱,厨房,3
9514,厕所的别称是？,化妆室,喷气式烘手机,花子小姐,绘画,视频,0
9515,去打仗的集体是？,军队,部队,舰队,上司,运动员,0
9516,最适合“チャチャチャ”的是？,牛奶,筷子,茶,卫生纸,玩具,4
9517,“生业”是？,蛋白质,浴帘,文化,妓女,玄关,3
9518,一提到神社会想到？,池塘,寺庙,观众,稻荷,地铁,3
9519,流感的原因是什么？,灰尘,细菌,病毒,计算机病毒,烟,2
9520,为了满足自己的愿望而努力叫什么？,侮辱,学习,努力,希望,参加考试,2
9521,船的总称叫什么？,游艇,渡轮,船舶,小船,集装箱,2
9522,戴在耳朵上的是？,眼镜,留声机,电器店,汽车,助听器,4
9523,也被称为成人玩具，在夜间性生活中进一步提高兴奋的是？,手铐,性用品,性别认同,床,性冲动,1
9524,在神社等处做祈祷时使用的东西是？,符札,账单,钱,信,银,0
9525,冬天从空中落下白色块状物的现象叫什么？,永久冻土,西北航路,梅雨,降雪,雨,3
9526,不说真话叫做说什么？,冻住,说谎,入睡,露出马脚,生利息,1
9527,男女都有，但只有女性会鼓起来的部位是？,兰花,胸部,腋下,锁骨,马,1
9528,放置台子的地方是？,台座,拖鞋,广场,便利店,邮筒,0
9529,用来装东西的袋子是？,底部,塑料,儿童安全座椅,板子,车载音响,1
9530,葬礼是？,配礼服,配黑纹付和服,配标价签,配词语,配礼服燕尾服,1
9531,人站立在什么上？,集装箱,风,地面,手指,雨,2
9532,用来写字或看书的地方是哪里？,书桌,厨房,壁橱,床,书架,0
9533,位于福岛县的地名是？,猪名野,猪苗代,猪鹿蝶,野猪,猪肉火锅,1
9534,卖各种生活用品的地方是？,饭馆,澡堂,药店,土特产店,超市,4
9535,用混凝土建造的高楼是？,车,帐篷,住宅,停车场,大楼,4
9536,下雨后，雨水残留的地方是什么？,珍珠,钻石,庭院前,仓库,水坑,4
9537,去远足时背在身上的东西是？,抽屉,背包,洗衣机,冰箱,橱柜,1
9538,读作“ざんごう”的是？,东北,那边,东南,壕沟,中东,3
9539,每天的生活是？,面试,羊驼,板子,生活,钱,3
9540,两条以上的道路交汇的地方是？,十字路口,瀑布,邮局,教堂,机器,0
9541,吟咏诗歌的是？,评论家,音响,俳人,取暖器,作曲家,2
9542,以下三个当中，表示百货商店的是哪一个？,超市,服装店,咖啡馆,百货商店,西装,3
9543,顺着什么来跟踪别人？,足轻,通风口,袜子,屋檐,脚印,4
9544,喝咖啡或红茶的店是？,学校,门,图书馆,咖啡馆,铁路,3
9545,把想要的东西变成自己的东西是？,夺取,赚钱,计算,得到,丢弃,3
9546,用来冷藏冰块的箱子叫什么？,酒窖,空调,冰盒,电风扇,盘子,2
9547,让电视可以观看的东西叫什么？,收音机,声音,电视接收机,女巫,眼睛,2
9548,玩游戏的行为是？,开关,玩,轻点,采访,装饰工程,1
9549,日本自古以来就有的面食是？,荞麦面,热蛋糕,意大利面,担担面,拉面,0
9550,日式的住宿设施是？,旅馆,招牌,垃圾箱,衣橱,仓库,0
9551,用来装咖啡的是？,杯子,勺子,盘子,食物,刷子,0
9552,用来摆放书等物品的家具是？,架子,桌子,橱柜里,车库,保险箱,0
9553,上厕所时，坐的是？,人,熨斗,马桶座圈,桌子,生活,2
9554,为了照出脸和身姿并化妆，而安装了镜子的台子叫什么？,地毯,猫,梳妆台,纸片,狗,2
9555,与对方取得联系所需要的是？,印章,联系方式,邮件,存折,密码,1
9556,久违地运动后，过一阵子出现的疼痛是？,腰痛,肥胖,关节痛,后悔,肌肉酸痛,4
9557,月桂冠、大关等饮品被储存的地方是哪里？,暗室,酒窖,葡萄酒窖,盘子,巧克力,1
9558,舞台艺术的一种，将台词的一部分或全部通过歌唱来表现的戏剧叫什么？,朗读剧,电影,公共汽车,机场,歌剧,4
9559,对将要发生的事情感到担心的样子是？,尽心,操心,担心,感觉,心里没底,2
9560,指铺在桌子上的布叫什么？,牌子,抹布,桌布,纸巾,水,2
9561,以说话为工作的职业是？,单口相声演员,撰稿人,歌手,摄影师,话筒支架,0
9562,打扫厕所时用的手套是？,刷子,作业人员,橡胶手套,梯子,工具,2
9563,夏天在海边会做的事情是？,晒黑,猫,尼古丁,狗,吸烟,0
9564,属于自然界中存在的东西是？,快乐,群山,曲奇饼干,甜甜圈,乐趣,1
9565,把建筑物等上面覆盖住的结构物叫什么？,门,墙,屋顶,围墙,窗户,2
9566,会客室里铺着的东西是？,地毯,茅场町,腊月,保安,职员,0
9567,下面哪一个一般被用作武器？,行星,导弹,太空垃圾,硫化氢,有效载荷,1
9568,带有鱼的名字的是？,骨头,脚趾尖,比目鱼肌,跟腱,脚后跟,2
9569,由多个人演奏各种乐器的团体叫什么？,银行,歌,乐队,小号,小鹿斑比,2
9570,喝水需要用到的是？,锅,瓶子,杯子,玻璃杯,盘子,3
9571,在北海道最有名的夜景地点是？,筑地,神户,海边,札幌,函馆,4
9572,凶猛的动物会被关进什么里面？,笼子,坏人,礼拜堂,篮子,栅栏,0
9573,在公司里，“部下”的反义词是？,军队,运动员,上司,伙伴,同事,2
9574,主办方举办派对等活动叫什么？,拿,举办,关上,给,转动,1
9575,用来制冷的机器是？,大地,海洋,冰箱,地下,地底,2
9576,在国家或民族等群体中使用的独特沟通手段是？,语言,宴会,一句话,卡拉OK,词典,0
9577,在商务等场合，在朋友A和朋友B之间牵线搭桥，让双方都受益的行为是？,店长,小船,蛇,牵线搭桥,国会,3
9578,在公司里，指有责任地位的人的称呼是？,老员工,智囊,公司高管,人类,普通职员,2
9579,主要在春季和夏季迎来旺季的蔬菜是？,萝卜,青椒,柿子,南瓜,卷心菜,4
9580,可以在上面放东西的家具是？,照明,电视,桌子,演员,冰箱,2
9581,负伤叫做什么？,负伤,疲劳,腿力,倒立,心肌梗塞,0
9582,会长高的是？,经济,财富,雨,成长,肥料,3
9583,人们欢闹的事情是？,讲述,公园,春天,祭典,责难,3
9584,把嘴巴的污垢清理干净的东西是？,书籍,洗发,洗脸,菜单表,口巾,4
9585,在酒店里住宿的房间是？,升（量器）,会客室,刷油漆,自己的房间,客房,4
9586,总是有精神、面带笑容的人是？,温暖的,易碎的,开朗的,宽广的,可怕的,2
9587,美国的金融街是？,底特律,市中心,华尔街,公园大道,苏豪区,2
9588,用来收纳衣服的是？,冰箱,微波炉,衣柜,鞋柜,玻璃杯,2
9589,用来传送电力、通信的是？,虫子,电缆,拉线电话,蜡烛,工具箱,1
9590,为了人类利用而饲养的动物的总称是？,相似物,蜥蜴,柑橘类,家畜,蜜蜂,3
9591,不用语言就做不到的事情是？,提问,登山,下山,退后,游泳,0
9592,哪一个是建筑物？,镜子的倒影,镜饼,梳妆台,如镜一般,镜子之家,4
9593,把内容物互相交换叫做什么？,盖上盖子,调换,翻过来,入库,驶入,1
9594,把食品切、煮、烤等称为什么？,钱,灶台烧火,解体,烹饪,传单,3
9595,人的集合体是？,国会大厦,公司,学校,国家,白宫,3
9596,发声之后会变成什么？,乐队,歌,红绿灯,许多人,天津饭,1
9597,用手碰火会怎样？,蛹,日立,明亮,烫,刺眼,3
9598,住在那个国家的人们叫什么？,天津饭,盖浇饭,饭团,红绿灯,国民,4
9599,要去二楼怎么走？,厕所,楼梯,妓女,厨房,房间,1
9600,海岸或湖的一部分因侵蚀作用向陆地方向被掏蚀形成的地形叫什么？,海湾,蜜蜂,沙洲,海角,羊,0
9601,表示“气氛很好”意思的词是？,微妙差别,浪漫的,白色的,可爱的,语调,1
9602,为从事理容（理发、修剪、刮脸等整理容貌）业务而设立的设施是？,温泉,酒店,理发店,内科,皮肤科,2
9603,拥有大量财产叫什么？,贫困,破产,夺冠,获胜,变成有钱人,4
9604,大声呼喊、握紧拳头是为了做什么？,象征国家,挥手,玩剪刀石头布,让情绪高涨,摇晃,3
9605,中尾彬的老家在千叶的哪里？,冲绳,千叶市,木更津,北海道,迪士尼乐园,2
9606,神奈川县的大佛在？,逗子,港口,东海道,湘南,镰仓,4
9607,把一切都吸进去的东西是？,吸尘器,月亮,黑洞,天道,食蚁兽,2
9608,在当今时代，为了预防感染，在店铺入口不可或缺的东西是？,消毒液,淋浴,自动门,伞架,洗脸,0
9609,为了避免战争的学问是？,诺贝尔奖,维和部队,临床医学,和平之钟,和平学,4
9610,下面哪一个是根茎类蔬菜的一种？,葡萄,萝卜,青椒,卷心菜,香菇,1
9611,停车的地方是？,车库,架子,睡感,冰冷,建筑物,0
9612,消防员的工作是？,逮捕犯人,纵火,灭火,黑板擦,橡皮擦,2
9613,在公园里坐的是？,花坛,长椅,书桌,碎石,电车,1
9614,电动汽车的心脏部位是？,油门踏板,电机,厨房,印度,伊拉克,1
9615,在空间中飞来飞去传递信息的东西是？,电,疲劳,电波,爱,电流,2
9616,支撑构筑物（桥墩、建筑物等）基础的地面（地壳表层部分）称为什么？,石砌,地球,基盘,地基,路面,3
9617,放盘子和杯子的柜子是？,书架,水槽,水龙头,餐具柜,洗脸台,3
9618,计算器中使用的是什么？,端子,铁,末端,银,计算机系统,4
9619,人们为了信仰去祈祷的地方是？,公司,酒馆,教堂,医院,酒窖,2
9620,把建筑、土木等建筑作业称为什么？,吃饭,洗澡,敲,施工,打,3
9621,为了以后回头阅读而当场记下来的东西是什么？,备忘录,交通工具,写字,自然光,画图,0
9622,哪一个是酒？,烧酒,画廊开幕,联谊会,红茶,果汁,0
9623,建筑物最前面的是？,奇异果,食堂,事务所,入口,村民,3
9624,哪一个字里有三棵树？,森林里,棒球场,曲奇饼,小牧场,甜甜圈,0
9625,用面板可以发电的是以下三者中的哪一个？,搞笑问答,太阳,光,太阳能,Attack25,3
9626,不会读汉字吗？,指甲,牙齿,牙虫,牙斧,牙音,3
9627,欧洲被称为什么？,欧亚大陆,琴欧洲,欧洲,国家,中洲,2
9628,洗身体的地方是？,餐饮店,储物间,淋浴室,仓库,洗车场,2
9629,接在“交通”后面的词是？,笨拙,变得安全,酱油,和平,安全,4
9630,有时会用人偶来玩过家家的是？,棒球,舞台,戏剧,角色,相扑,2
9631,经常用来做包的材料是？,手,礼物,手提袋,穆勒鞋,皮革,4
9632,哪一个是水果？,葡萄,瓶子,黄瓜,威士忌,南瓜,0
9633,观看活动的人是？,演讲者,讲演者,猫,狗,观众,4
9634,把释放身心所承受的压力称为什么？,休息,缓解压力,拳击,跑步,游泳,1
9635,以防暑、防寒、装饰等为目的戴在头上的东西叫什么？,华盛顿,主人,发布,呢绒,帽子,4
9636,本来表示蘑菇意思的词是？,状态,蝴蝶,蜜蜂,大津,菌,4
9637,如果不打扫房间会积累起来的东西是以下哪一个？,地铁,污物,京都,灰尘,大阪,3
9638,把多种调味料混合在一起，用来增加辣味的东西叫什么？,蛋黄酱,辣椒,咖喱,番茄酱,七味辣椒粉,4
9639,地球的约九成都被什么覆盖？,海滩,澡堂,海洋,苔原,山脉,2
9640,在澳大利亚，世界上最大的珊瑚礁地带叫什么？,维多利亚州,凯恩斯,悉尼,大堡礁,昆士兰州,3
9641,向有意应聘者介绍本公司的活动是？,公司说明会,寿司,面试,蛋糕,报名表,0
9642,写有意见或会议记录等的东西是？,文书,周刊杂志,漫画,小说,故事,0
9643,以圣彼得堡为州都的州是？,格罗兹尼,俄罗斯联邦的首都,猫,狗,列宁格勒,4
9644,大脑在哪里？,贝壳,头脑,思念,头,手,3
9645,孩子在游乐园里可能会变成什么？,牧草,生长期,迷路的孩子,鸽子,幽灵,2
9646,在学校里要上的东西是？,抽屉,饭菜,魔术,课程,公文包,3
9647,是木天蓼科木天蓼属雌雄异株的落叶藤本植物的果实。这是什么？,奇异果,马厩,塑料购物袋,草莓,钻石,0
9648,下列哪一项会受到法律的管制？,光明的事情,开心的事情,唱歌,玩游戏,越过国境,4
9649,在生意兴隆的店门前按顺序排得很长的东西叫什么？,草莓,队伍,大海,钻石,昆虫,1
9650,把事情一个接一个推进下去叫什么？,打开,跑,走,转动,关上,3
9651,把各种食物集中在一处举办的活动是？,海鲜,照相机,美食主题乐园,乐园,婴儿食品,2
9652,家具等上用来收纳东西的空间是？,前门,抽屉,钢琴,凸窗,推拉门,1
9653,心神不宁的样子是？,刘海,兴奋,手帕,擦汗的事,水蒸气,1
9654,说到为了体验惊险刺激而乘坐的交通工具是？,启动,自行车,过山车,宇宙飞船,三轮车,2
9655,用来装商品的东西是？,干货,瓶子,燕子,购物袋,玻璃杯,3
9656,爱好是？,戏剧,吸尘器,唱歌,电风扇,眼镜,2
9657,不是给予一方的是？,钱,接收盘,饭勺,肉桂,与一,1
9658,金槌叫什么？,锤子,狗,猫,螺丝刀,锥子,0
9659,最能让人放松的地方是？,养老院,便利店,超市,家,医院,3
9660,属于樱花同类、在夏到秋结果的水果是？,植物,芒果,苹果,草莓,橘子,2
9661,如果被陌生人叫去上车，应该怎么办？,笑,睡觉,大叫,相信,提问,2
9662,有好事发生时的心情是？,难过,感动,幸福,高兴,悲伤,3
9663,夏天大显身手的家电是？,号码,电风扇,火炉,电视,办公室职员,1
9664,在工作中，对职位比自己高的人怎么称呼？,媒体,羊驼,董事,董事会,上司,4
9665,下面哪一个有小麦粉、片栗粉、大阪烧粉等种类？,菜肴,料理,炭,食物,粉,4
9666,“饮料”用英语怎么说？,umbrella（雨伞）,hanger（衣架）,drink（饮料）,Viking（自助餐）,food（食物）,2
9667,把在超市买的东西装进去的东西叫什么？,购物袋,汤,忍耐袋,老妈,面包,0
9668,能成为心灵寄托的是？,宗教,职场,蜡烛,家,尖塔,0
9669,设有县本厅大楼的城市是？,日本,县政府所在地,福岛县,四国,佐贺县,1
9670,乘坐电车或巴士时需要的东西中，也经常出现在西村京太郎推理小说里的道具是？,餐食,饮料,旅行者,时刻表,车站,3
9671,在薄钢板上镀锌进行防锈处理的钢板名称是？,氧化锌,镀锌铁板,氧化铁,硫化锌,超合金,1
9672,在工作中负责管理他人的人叫什么？,可可亚,热咖啡,员工,咖啡,经理,4
9673,会出火的是？,喷灯,便条,电脑,论文,我的左手,0
9674,基督教的教堂叫什么？,车,教堂（church）,机器,钟表,十字路口,1
9675,表示当场气氛的词是？,灯,红色,挫折,气氛,灯光,3
9676,指饮料的是？,草莓,芒果,饮料（drink）,机关,酒精,2
9677,被说成是由猴子进化而来的是？,人,鱼竿,贝类,蓑衣,沙滩,0
9678,衣服上放东西的地方是？,店铺,拉链,口袋,钱包,拉锁,2
9679,赊账购物叫什么？,现金支付,预付款,加肉,赊账买,钉住,3
9680,里约的？,山脉,狂欢节,表演,祭典,足球,1
9681,南方的部分称为什么？,树林,南部,森林,南美,湿地,1
9682,写字时使用的东西是？,雨,口袋,毛笔,文具,风,2
9683,朝着高处走去叫什么？,骑马,网球,登山,滑雪,足球,2
9684,需要花钱的是哪一个？,竞技,午睡,乘电车,运动,散步,2
9685,松茸和香菇统称为什么？,伞,蘑菇,竹笋,生物,菌类,1
9686,说“漂亮”时用哪个词？,可爱,偏贵,黑色的,美丽,白色的,3
9687,哪一个是付钱？,吃,卖,动,排队,买,4
9688,一般把学问和艺术统称为什么？,学术,示威,阵雨,山体滑坡,革命,0
9689,音乐家写的东西是？,诏书,经济白皮书,词典,小说,诗,4
9690,物体撞到物体发出的声音是？,风铃,响动,吸尘器,声音,波纹,1
9691,信件是？,账单,文字,信（letter）,邮件,文书,2
9692,“ジャスミンティー”用汉字怎么写？,爽健美茶,茉莉花,茉莉油,红茶,茉莉花茶,4
9693,清洁车窗的是？,刷子,搓澡刷,离合器,仪表,雨刷,4
9694,坐的地方是？,书库,院生,狗,猫,座位,4
9695,装盘盛菜时使用的工具是哪一个？,纸巾,盘子,住宅,手帕,水域,1
9696,脊椎的下部叫什么？,腰部,尾翼,胸,腹,臀部,0
9697,机器开始运转叫什么？,过山车,宇宙飞船,自行车,电脑,启动,4
9698,说到在路边摊等处出售、酱汁香味绝佳的B级美食，是哪一种？,披萨,拉面,棉花糖,甜甜圈,炒面,4
9699,厨房是？,地面,洗手间,厨房,湿地,沼泽地,2
9700,会痒得受不了的是？,大自然,枯树,日本环球影城,连号马券,脚气,4
9701,在寺庙里进行的事情是？,打坐,眼镜,硬币,电脑,词典,0
9702,说到作为沙拉或配菜使用的叶类蔬菜之一，是哪一种？,辣椒,土豆,红薯,葡萄,卷心菜,4
9703,用探寻来得知某事，叫什么？,感知,超能力者,无双,探知,发现,3
9704,读卖巨人队的主场是？,东京巨蛋,横滨体育场,东京塔,皇居,新国立竞技场,0
9705,把神的教诲加以汇总并系统化的东西是什么？,目录,霓虹灯招牌,绘卷,赌场,宗教,4
9706,被称为亚洲和欧洲桥梁的国家是？,土耳其,埃及,以色列,沙漠,伊朗,0
9707,今天就用这个来干杯！是什么？,椅子,玻璃杯,微波炉,桌子,衣橱,1
9708,把艺人的笑点被破坏这件事，艺人称为什么？,合众国,杀点,关联,大炮,气势,1
9709,装有公司的高楼叫什么？,办公大楼,平房,车库,塔,树,0
9710,由于新冠的影响，被要求自觉减少使用的是哪一个？,电车,服装店,站台,居酒屋,脸,3
9711,犯了罪的是？,囚犯,犯人,婴儿,小学生,律师,1
9712,我们是？,国民,人类,猫,身体,女性,1
9713,哪一个是昆虫？,黄蝇,云,黄种人,熊,黄色植物,0
9714,哪一个毛最多？,草莓,肢体,手脚,芒果,猫,4
9715,白色并且可以作为面包原料的是？,扇贝,海螺,洋葱,鸡蛋,面粉,4
9716,我们是什么？,人类,美国人,国民,国家,神,0
9717,在这三个之中，表示因肉体疼痛而受苦的名称是？,痛觉,苦痛,医院,绷带,疾病,1
9718,打棒球的地方是？,霜,森林,海,棒球场,草坪,3
9719,在美利坚合众国中，洛杉矶所在的州是？,波士顿,西伯利亚,阿拉斯加,加利福尼亚,佛罗里达,3
9720,哪一个是硬的？,僧侣,石头,蜡烛,馒头,幽灵,1
9721,在美术馆要做的事情是？,预订门票,进行治疗,吃饭,预约,看展品,4
9722,高空中的高处叫什么？,低空,休息处,低层,高层,主人,3
9723,是东京代表的话，在奥运会上就是哪个代表？,美国,日本,中国,九州,县政府所在地,1
9724,哪一个是用来携带的东西？,空手道,天空,大海,信件,行李,4
9725,可以携带的电脑是？,笔记本,抽屉,智能手机,书店,文字处理机,0
9726,接在“出席”后面的词是哪一个？,桌子,事务职员,椅子,号码,电风扇,3
9727,销售点心的店是？,庙会,小零食店,便利店,银行,学校,1
9728,在水中游泳叫什么？,游泳圈,潜水,游泳,海水,跑步,2
9729,左右和背面用木板等围住，里面装有门槛，正面装有门，可以收纳东西的是什么？,抽屉,橱柜,大豆,豆腐,衣橱,1
9730,用来挖掘的工具是？,铁锹,锯子,咖啡杯,锤子,铁锤,0
9731,哪一个表示事情进展顺利？,得意起来,发炎,画画,与生俱来,与亲戚来往,0
9732,小腿前面的部分叫什么？,手腕,小腿前侧,小腿肚,腓骨,腹部,1
9733,文字资料匮乏的时代是？,座谈会,黑暗时代,暗黑星云,黑暗面,泥泞,1
9734,哪一个是汉字？,文件,人们,人类,怪物,客户,1
9735,用来扔东西的是？,豆腐,地毯,家具,大豆,垃圾箱,4
9736,记载企业或个人联系方式号码的类似书的东西叫什么？,词典,电话簿,漫画,朋友,绳子,1
9737,因为啤酒喝太多而鼓起来的部位是哪里？,腿,肚子,胸部,脚,伤口,1
9738,人居住的住宅是？,学校,政府机关,房间,房屋,建筑物,3
9739,名古屋市位于哪个县？,名古屋城,爱知县,大阪府,中村区,京都府,1
9740,夏天会燃放的活动是？,麦芽糖,大阪烧,大文字烧,屋形船,烟花,4
9741,樱花的叶子变色称为什么？,樱红叶,红叶叶悬铃木,变化,透明,枫叶标志,0
9742,在快餐店经常吃的东西是？,演唱会,炸薯条,学生,足球,电子游戏,1
9743,把大楼和房子等合在一起称为什么？,木材,树叶,钢筋,建筑物,路缘石,3
9744,像菠菜这样的熟食配菜叫什么？,供餐,根菜,米饭,果实,叶菜,4
9745,桌子上装着的是什么？,旅行包,文具,包,抽屉,行李箱,3
9746,为了把房间打扫干净而使用的机器是？,吸尘器,洗衣机,吹风机,声音,响动,0
9747,粗俗地说去厕所叫什么？,长寿,睡觉,去小便,跑步,敲打,2
9748,哪一个也被用作漫画的标题？,中高型,岳,丈,汽油,蛋白质,1
9749,LED灯被评价的优点之一是？,价格便宜,跨越国境,容易安装,很亮,很有趣,3
9750,表示胖的是？,痛风,高血压,肥胖,消瘦,衰弱,2
9751,用来通知火灾的装置是？,大豆,豆腐,火灾警报,火灾报警器,火灾保险,3
9752,因人而异的是？,风琴,教皇,牛,人物形象,河流,3
9753,汽车行驶所需的东西中，有四个的是？,刹车,灯,踏板,轮胎,车门,3
9754,马来西亚位于哪里？,关东,东南亚,天津饭,马绍尔群岛,信号灯,1
9755,在澳大利亚旁边的岛国是？,南极,南太平洋,东南亚,新西兰,珊瑚礁,3
9756,用于玻璃杯等、容易碎的东西是？,眼镜,玻璃,电视,演唱会,智能手机,1
9757,与使船舶稳定的物品同音的是哪一个？,锚,愤怒,酒,兴奋,伊刈,1
9758,5月吃的是？,柏饼,牡丹饼,草饼,糝粉饼,糯黍,0
9759,想要读书时首先要做的事情是？,读书,带上钱,订书,风,雨,2
9760,是用合成树脂做成的东西是？,飞机,塑料制的,筷子,剪刀,游泳圈,1
9761,深深的悲伤是？,半生,生命,憎恨,悲叹,亲近感,3
9762,“布”是纸，“剪刀手”是剪刀，“石头”是？,流星,石头,面包,米,蛇,1
9763,对贵人之女的尊称叫什么？,公主殿下,你这家伙,小妹公主,佐保姬,老爷,0
9764,到田里去干的工作叫什么？,农活,临时差事,渔业,林业,工作运,0
9765,四四方方的容器是？,垫子,铺垫物,盒子,碗,器皿,2
9766,去店里付款的行为叫什么？,转让,去展览会,买,去音乐会,卖,2
9767,房子建在下面的东西是？,海,山,田地,天空,地面,4
9768,生日、圣诞节等大家聚在一起做的事情是什么？,集会,派对,舞会,剧场,舞台,1
9769,写有店名或广告等内容的牌子是？,旅馆,垃圾箱,屋顶,挂轴,招牌,4
9770,用来停放汽车等的是？,公园,建筑物,公寓,车库,桥下,3
9771,下面哪一个是用来开门的？,锄头,钥匙,棍子,说明书,橡皮筋,1
9772,办理邮政、邮政储蓄等业务的机构叫什么？,书店,邮局,店铺,加油站,图书馆,1
9773,自古以来就有的出租集合住宅是？,厕所,墙,体育馆,厨房,公寓,4
9774,为了将来的某次出场而被存放着的东西是？,银行,睡着的人,保险箱,保管物,被褥,3
9775,从海上远处看去，只能看到游艇等船只的桅杆的那种景象所在的位置是？,地平线,砂砾,绝景,波浪,水平线,4
9776,通过喝这一行为摄取的液体状的东西是？,洗发水,水,猫,饮料,狗,3
9777,说到骏河湾的特产是？,樱饼,樱花虾,樱花蟹,樱花鲷,峰樱,1
9778,指夜里下的雨的是？,夜之底,时雨,夜晴,夜雨,细雨,3
9779,河流或湖泊的一部分形成落差，水从高处落下的地方叫什么？,地,自卸卡车,大津,瀑布,营业,3
9780,比走路稍微快一点叫什么？,长寿,跑,跳,去小便,停,1
9781,词源来自英语的是哪一个？,百货店,商店（store）,面包,市场,栗子（marron）,1
9782,哪一个是家电产品？,公交车,大企业,电,电器产品,房间,3
9783,用来照亮黑暗地方的是？,灯,灯光,现实,心情,梦,1
9784,被简称为“萨克斯”的是哪一种？,小号,萨克斯管,短笛,弦乐器,长号,1
9785,如果不去美容院，会开始在意的事情是？,洗头这件事,美甲,头发太长,剪发,变得舒服这件事,2
9786,作为夏日风物诗，在长冈和隅田川举办而闻名的是？,面具,烟花,假面,长崎蛋糕,捞金鱼,1
9787,一般来说，女性化妆之后会怎样？,变漂亮,脸色改变,去除污垢,做体操,眉毛消失,0
9788,对可食用对象的总称叫什么？,锅,食品,甜食,平底锅,水壶,1
9789,家里会有的是哪一个？,大佛,大学,神社,书架,国会图书馆,3
9790,舞者或歌手发表表演的场合是？,游泳池,曲艺,表演秀,公园,摄影棚,2
9791,用来写字等的文具是？,键盘,电话,钟表,尺子,笔记本,4
9792,会举办音乐节（Fes）的地方是？,体育馆,津崎,演唱会会场,飞跃的,舞台,2
9793,像“ゆうパック”这样的赠送物品是？,邮箱,快递,信,公司,邮票,1
9794,演奏乐器、唱歌，或聆听这些表演的场所是？,公交车站,英语会话教室,浴室,美容沙龙,音乐厅,4
9795,与碳水化合物、脂质并列的三大营养素之一是？,脚踝,教员室,糖类,蛋白质,胸大肌,3
9796,位于人体骨盆附近的部位是？,胸部,脖子,肾脏,脚趾,腰,4
9797,贴上照片，填写学历、奖惩等的是？,履历表,雨,公司参观,公司说明会,风,0
9798,热带雨林叫什么？,丛林,植物园,塑料大棚,动物园,作业,0
9799,美国短毛猫和俄罗斯蓝猫是属于哪一科的动物？,理科,毛巾,地毯,猫,外科,3
9800,用日语说，“电影院”是？,博物馆,剧院,人行道,动物园,警官,1
9801,无特别目的地闲逛、溜达叫什么？,高尔夫,跑步,冲浪,步行,散步,4
9802,有“隼跳”“双飞”等技巧的游戏是哪个？,国际象棋棋子,橄榄球,跳绳,网球,飞盘,2
9803,稍微休息一下叫什么？,到达,有了眉目,想出,喘口气,察觉,3
9804,自己居住的地方是？,房间,建筑物,大海,火山,家,4
9805,从家里出门外出叫什么？,洗衣服,外出,健康,把被子拿出去晒,荞麦面,1
9806,为纪念或赞颂某事而制作的有形作品叫什么？,房子,纪念碑,墓地,得克萨斯,奖杯,1
9807,人类是？,马,自行车,专业,澡堂,小孩,4
9808,早晚是？,报纸,图书馆,月亮,书店,太阳,0
9809,空气中的水蒸气变成冰的结晶，这叫什么？,豆腐,苔藓,落叶,大豆,霜,4
9810,没有战争等的平稳状态是？,志愿者,天空,朋友,和平,爱,3
9811,没有抑扬顿挫的发音是？,颤音唱法,平声,颤音,假声,发声,1
9812,有德国和法国的世界地区叫什么？,奥运会,马拉松,亚洲,欧洲,英国,3
9813,全世界的愿望是？,和平,做出吸引人的演讲,战争,贸易,恐怖袭击,0
9814,鱼和贝类等的总称是？,肉类,火锅,鱼市场,蔬菜,鱼贝类,4
9815,单独存在时不太有用的东西是哪个？,电视,音箱,音乐,录像带,团扇,1
9816,铺满在地板上的东西是？,枝形吊灯,地毯,毛巾,猫,吊床,1
9817,用水泡回后再使用的食品是？,游泳,干货,购物袋,牛奶,瓶子,1
9818,地球上的一个整体单元是？,地上,河流,矿,世界,地幔,3
9819,在日本，藏书量最多的地方是？,东京站,大学,书架,国会大厦,国会图书馆,4
9820,美国的一个州，由瓦胡岛等岛屿组成的总称是什么？,北美,尖阁诸岛,夏威夷州,南美,日本,2
9821,把布和布缝在一起的地方叫什么？,假发,洞,缝线,接缝,补丁,2
9822,城里有的是哪一个？,露营地,抽屉,邮局,海水浴场,邮政,2
9823,在这些当中，哪一个是“习俗、礼俗”？,上学,通勤,近郊,佛罗里达州,葬礼,4
9824,身体不能自由活动、动弹不得的状态是？,有精神,疲劳,爱,电波,恢复,1
9825,如果没有这两个人，就会觉得自己在这个世界上根本不存在，这两个人是谁？,The Peanuts（二人女子组合）,父亲,父母,祖母,LILIES（女子组合）,2
9826,主要从事木结构建筑物的建造和修理的工匠叫什么？,设计师,木匠,挖凿,建造东西,消防员,1
9827,承认自己的过错并请求原谅叫什么？,生气,睡过头,道歉,殴打,等待,2
9828,放书的地方是？,研究生,凳子,书库,猫,狗,2
9829,店铺的入口附近或收银台附近的地方叫什么？,后门,店头,下水道,巢穴,陈列架,1
9830,在葬礼上穿的衣服是？,腰带,宇航服,丝绸,睡衣,丧服,4
9831,带着音乐性的高低、音调等来发声，叫什么？,跳舞,睡觉,唱歌,闭眼,演奏,2
9832,在轨道上行驶的是？,自行车,电车 / 火车,汽车,人,飞机,1
9833,回到家以后洗手的地方是？,底部,各自心中,洗脸台,洗手间（洗漱间）,木板,3
9834,早上喝的汤类饮品叫什么？,购物袋,吐司,面包,汤,粥,3
9835,由猴子进化而来的是？,狗,人,猫,衣服,单肩包,1
9836,需要占位置的宴会是？,派对,赏花,樱花,风,雨,1
9837,下楼梯时抓住的东西叫什么？,光源,影子,赝品,扶手,标本,3
9838,用来吃的是哪一个？,杯子,查资料,食物,摆件,刷子,2
9839,电车停靠的地方是？,公交车站,火车站,大街,城市,车站,1
9840,哪种点心，舔着吃会逐渐融化消失？,糖果,豆腐,水果,饮料,大豆,0
9841,日本的首都是？,公寓,东京,大阪,名古屋,大楼,1
9842,从家里出去的地方是？,淋浴帘,妓女,盾牌,玄关,紧急出口,3
9843,以宣传为目的而分发的纸状物是什么？,料理,钱,试用品,传单,纸巾,3
9844,在文章书写中，用来把文字括起来的符号是什么？,山括号,富士山,山脉,群山,小山,0
9845,表示在地球上呼吸着的东西的词是？,贝类,鸟,生物,人类,全身,2
9846,汽车的基本骨架叫什么？,底盘,轮胎,消音器,方向盘,油箱,0
9847,变得不需要的东西是？,溪流,树木,资源,材料,垃圾,4
9848,下面哪一个是书写用具？,理科实验室,尺子,键盘,鼠标,笔,4
9849,一说到夏天，会想到？,祭典,表演,化装,苹果,狂欢节,0
9850,石川县的县政府所在地是哪个市？,砂金,石川市,鬼压床,金泽,新潟市,3
9851,侍奉上司的人叫什么？,动物,友情,自卫队,老师,部下,4
9852,人类左右各有5根，一共10根的东西是？,腰,眼睛,脚趾,头发,肾脏,2
9853,寒冷的季节是？,冬季,箱子,夏季,地球,土特产店,0
9854,Spa Resort Hawaiians 位于哪里？,岩手县,山形市,福岛县,山形县,仙台市,2
9855,露出笑容时的表达是？,冷冰冰,笑容可掬,软绵绵,闪闪发光,温暖,1
9856,把东西冻得硬邦邦的叫做什么“付く”？,冻住,察觉,入睡,说谎,定居,0
9857,在店里，有的免费有的收费的空间是？,光,停车场,迷路的孩子,篮球,水,1
9858,把东西压扁的样子叫什么？,创造,紊乱,再生,动摇,破坏,4
9859,把安装在飞机等尾部附近的东西叫什么？,腰部,尾翼,羽毛,机翼,屁股,1
9860,进行空气更换时需要的是什么？,屋檐,洗衣机,电饭锅,脚印,通风口,4
9861,哪一个是日文假名的一种？,谜语,词语,平假名,俳句,剪刀石头布,2
9862,多人一起坐的东西是？,桌子,餐桌,音响,长椅,书桌,3
9863,在家里做饭的地方是？,窗户,玄关,厨房,浴室,大厅,2
9864,说到7-11和罗森，是哪一种店？,雨,厨房,卖场,便利店,风,3
9865,为了了解授课内容而进行的活动是？,上学,汽车驾照,会议,参加期末考试,作业,3
9866,伴随强风而下的雨是？,雾,梅雨,夜雨,龙卷风,暴风雨,4
9867,把“ドリンク”换一种说法是？,喝干,酒,饮料,畅饮,汤,2
9868,把每个月代表性的花分别配到各个月份上的东西叫什么？,天津饭,红绿灯,花历,茉莉花,无花果,2
9869,哪一个是人类？,人,底面,长颈鹿,大象,小鱼,0
9870,以维护地区治安为职责的职业是？,警察,渔夫,护士,人行道,剧场,0
9871,军队里的军人叫什么？,酱油,士兵,手榴弹,行军包,探望,1
9872,身体不舒服时要去的地方是？,窗户,蔬菜店,学校,住宅区,医院,4
9873,把“デブ”换一种说法是？,肥胖,获得满足感的事,糖尿病,掉队者,零食依赖症,0
9874,在古典乐曲中很有名的、位于德国的河流是？,多瑙河,汉诺威,罗斯托克,风,雨,0
9875,被用作形容夫妻恩爱的鸟的名字是？,捕鸟网,燕子,鸟居,麻雀,鸳鸯,4
9876,“都会”的反义词是？,地方,牧场,田园,地狱,天堂,0
9877,以欣赏、观赛为主要目的而聚集观众的行为叫什么？,演出,企划,音乐节,地毯,钉子,0
9878,由多栋独立住宅连在一起建成的住宅是什么？,鬼屋,美容院,饭馆,联排别墅,独栋住宅,3
9879,没有植物生长的原始自然场所是？,丛林,海岸,草原,沙漠,大海,3
9880,哪一个是有尾巴的野兽？,蒙贝尔（Montbell）,媒体,兽医学,尾兽,害兽,3
9881,为了让人容易明白而叙述叫做什么？,发胖,说明,唱歌,生气,对自己说教,1
9882,具备外交能力的地区称为什么？,武藏小杉,西亚,阿拉伯,国家,鲁,3
9883,在田里栽培的东西是？,肉,沙拉,牛奶,汉堡包,蔬菜,4
9884,在管乐器中，哪一个是横笛？,架子鼓,键盘,风琴,长笛,琴,3
9885,一般把装饰用的戒指戴在身体的哪个部位？,羽毛,鼻孔,手指,嘴唇,指尖,2
9886,为了实现人做不到的事情而使用的是？,塑料,器具,架子,石头,黏土,1
9887,把计算机之间连接到电话线上的机器叫什么？,不协和音,声耦合器,雁鸣,扬声器’,‘有线,1
9888,一提到大楼会想到？,地下,房间,房屋,建筑物,屋顶,3
9889,作为礼物很受欢迎的文具是？,屋外,月亮,钢笔,杯子,茶碗,2
9890,工作是？,漂白,火腿,活动,劳动,上班,3
9891,个人的嗜好是？,资质,长子,人品,气味,性癖,4
9892,在下面这些词中，按日语五十音顺（あいうえお顺）排列时最先出现的是哪一个？,理解,学习,计划,启蒙,把握,1
9893,指门、拉门等建具的安装，以及其开关状况的称呼是？,锁门,贷款,转告,门窗安装情况,鬓发油,3
9894,对人类来说必需的是？,舞蹈,愤怒,恋爱,睡眠,悲伤,3
9895,为别人加油的人坐的地方是？,篮子,观众席,赏花,游泳池,野餐,1
9896,人居住的地方叫什么？,医院,百货商店,家,店头,衣橱,2
9897,可以轻松打印的方便机器是什么？,图章,复印机,橡皮擦,纸张,传真机,1
9898,热爱国家的心是？,爱国心,人,嫉妒,交易,和平,0
9899,笔里装的是什么？,牛奶,有轨电车,农药,油桶,墨水,4
9900,位于丰岛区的是哪一个？,池袋,千叶市,文京区,涩谷区,杉并区,0
9901,汽车后面的空间叫什么？,文件夹,驾驶座,冷冻库,后备箱,笔记本,3
9902,给发声加上音乐性的高低、音调等叫什么？,对自己说教,食物,水,说明,歌唱,4
9903,通过日积月累的努力可以获得的东西是什么？,工业,进步,成绩,皱纹,法律,1
9904,两个人叫做什么？,鼻涕虫,彩虹,时间,二者,第二名,3
9905,下面哪一个词有“清爽、清新”的意思？,美丽,红色的,丑陋的,干脆利落的,碧蓝的,3
9906,在哪个地方可以花钱喝果汁、吃套餐？,学校,施粥,饮食店,中餐馆,餐厅,2
9907,与环境相互融合、变得合拍叫什么？,歌唱,不协调,好高骛远,调和,合唱,3
9908,是什么让家用电器运转？,自来水,大企业,煤气,电,电器产品,3
9909,生活在地毯等里面的小虫子是什么？,螳螂,狗,螨虫,丈夫,猫,2
9910,用来倒水等的玻璃容器是什么？,饭碗,盘子,女服务员,厨房,玻璃杯,4
9911,卖蔬菜和水果的店是？,酒铺,微波炉,蔬果店,烟草店,收获,2
9912,和歌、俳句、诗等韵文的总称叫什么？,押韵,文脉,卡拉OK,乐谱,诗歌,4
9913,人体内有70%是由什么构成的？,水,饮料,洗发水,猫,狗,0
9914,圆的东西被说成带有什么？,凸起,圆润感,潮虫,刺,照抄,1
9915,以星星等为背景而显得黑色浮现出来的是什么？,暗黑星云,翅膀,黑暗面,黑暗时代,接受,0
9916,在地面下行驶的铁路是？,出租车,公园,公交车,城市,地铁,4
9917,发出不正确的指示是指哪一项？,忍耐,上级下达不适当的命令,好题,下属不服从指示,不受国民尊敬,1
9918,用来放饭碗等的家具叫什么名字？,女人的手,橱柜,商店,画画,商谈,1
9919,人们的共同社会叫什么？,拘留所,市,地区,社区,区域,3
9920,佛教的宗教设施是？,葬礼,墓地,婚礼会场,寺庙,教堂,3
9921,说到装在汽车车轮上的橡胶制品，是指什么？,司机,罩子,座椅,刹车,轮胎,4
9922,用墙等把建筑物内部隔开的空间是？,房间,架子,田地,墓地,庭院,0
9923,从棕色而甜到苦都有的一种食物是？,饼干,生菜,巧克力,葡萄柚,曲奇,2
9924,给许多人提供餐食的是？,办公室,入口,会议室,食堂,玄关,3
9925,只有美国才有的是哪一个？,国境,近郊,葬礼,政府,佛罗里达州,4
9926,买书的地方是？,玩具店,书店,超市,抽屉,笔记本,1
9927,回想起来这件事叫？,忘却,学习,相册,想起,读书,3
9928,买卖商品的地方是？,市场,体育馆,机场,罐头,肉铺,0
9929,灰姑娘乘坐的是？,牛粪,马车,剪刀,筷子,昆虫,1
9930,从名称上来说，钢琴属于？,低音提琴,高档品,倍大提琴,键盘乐器,响器,3
9931,洗手时会用到的是？,桌子,手帕,卫生纸,纸张,纸巾,1
9932,卖狗的地方是？,能量,胃,原野,宠物店,农场,3
9933,可以接触到商品的地方是？,货架,田地,建筑物,店铺,山,3
9934,人的性质是？,人品,癖好,辛辣,资质,很大,0
9935,排放二氧化碳的额度是？,二氧化碳排放权,一氧化碳,氮,氧,含水碳水化合物,0
9936,对自己容貌不满意的人常见的情况是？,天体照片,带照片,木匠,美容师,讨厌拍照,4
9937,一楼的下一层是？,台阶落差,三楼,二楼,牌子,墙,2
9938,统治国家的机关是？,普通,内阁,内幕,首相,政府,4
9939,多管闲事去帮忙等，不太是褒义的行为叫什么？,偷,抽烟,插手,给,坐下,2
9940,把数字加减的行为叫什么？,词典,计算,抽屉,相扑,桌子,1
9941,脚上有的是？,眼皮,冰淇淋,脚尖,头发,百事可乐,2
9942,用来放置东西的是？,桌子上,墙,木板,底部,书店,0
9943,记录每天发生的事情的本子是什么？,信,电话,日记本,朋友,家庭账本,2
9944,出家进入佛门的人是？,医生,僧侣,美国人,尼姑,犹太人,1
9945,被鞋子碰到会疼的是？,无名指,脚尖,锁骨,棉花,跟腱,1
9946,用高尔夫球杆把球击入球洞时使用的是？,一号木杆,推杆,铁杆,钛,壶,1
9947,吃饭等的地方是？,长椅,店铺,餐馆,公园,酒店,2
9948,英语里的“スチーム”是什么意思？,污染,烟,雨,气体,蒸汽,4
9949,作曲家、指挥家、声乐家、器乐演奏者等这些人统称为什么？,大号,豆腐,喇叭,音乐家们,大豆,3
9950,显像管、液晶、等离子等这类家电是？,妓女,吸尘器,浴室,空调,电视,4
9951,是终极的是？,深入里面,普通招式,拳击,妻子,奥义,4
9952,主要铺在地板上使用的东西是？,垫子,蝙蝠伞,拐杖,披风,剪刀,0
9953,进行粗暴行为叫什么？,狩猎,打倒,抓住,暴行,冲撞,3
9954,在庭院里培育的是？,庭院树木,生物,鲨鱼,宇宙空间,虫子,0
9955,去学习的地方是？,综合大学,游泳池,杂物间,公园,学习桌,0
9956,取得成功叫什么？,成功（success）,休息室,甜甜圈,曲奇,盛况,0
9957,“家”的郑重说法是？,家庭,家里,酒店,旅馆,公寓,1
9958,对人类和动物等会呼吸的存在的称呼是什么？,生物,植物,土中,浴室,人类,0
9959,婴幼儿吃的东西叫什么？,美食主题公园,切片,休兰,海鲜,婴儿食品,4
9960,非洲大陆和阿拉伯半岛之间那条狭长的海湾叫什么？,豆腐,大豆,红海,伊斯兰,秘鲁,2
9961,拍摄天空的照片是什么？,天体照片,讨厌拍照,剪刀,附照片,筷子,0
9962,歌手举办的独唱会叫什么？,哼歌,唱歌集,歌剧,音乐会,配音,3
9963,洗脸的地方是？,浴缸,洗脸池,浴室,牛蒡,羊驼,1
9964,人所追求的是名声和什么？,经济,财富,米饭,成长,头发,1
9965,用来放进和取出东西的物品名称是？,箱子,桌子,文件夹,抽屉,教室,3
9966,撞到衣柜会很痛的脚的部位是？,小脚趾,指甲,脚后跟,指纹,脚踝,0
9967,可以买到钻石戒指的地方是哪里？,电影院,蔬菜店,购物中心,大厅,珠宝店,4
9968,觉得胜过别人的心情是？,愤怒,悲伤,轻蔑,优越感,害羞,3
9969,供人居住的高层建筑是？,地下街,公寓楼,图书馆,地铁,大楼,1
9970,父母的父亲是？,祖母,儿子,右心房,祖父,炎症,3
9971,哪一个是生理现象？,做准备,小便,风,雨,上床,1
9972,对身体负担最大的是哪种活动？,坐着,躺下,慢跑,一只脚一只脚往前迈,动脚,2
9973,树大量生长的地方是？,乡下,海面,雪山,森林,藻盐,3
9974,由欧姆龙和东芝等公司制造，为了入场检查而设置在车站入口等处的设备是什么？,车票,招牌,自动,售货机,检票机,4
9975,进行转播的地点是？,转播广播,现场直播,超市,内容,中继点,4
9976,用来代替纽扣、起到装饰作用的物品是？,袖扣,袖口,议员徽章,领带夹,衣领,0
9977,用植物来达到凉爽效果的是？,绿色窗帘,哥哥,却,西瓜,莲花,0
9978,为了写文章而要调查的是？,资料,误报,地形,数据,历史,0
9979,点缀夜空的夏日风物诗是？,水饴,狗,猪,烟花,水气球,3
9980,阿拉伯半岛位于哪里？,中东,欧洲,美国,栋,近东,0
9981,做某事而感到愉快的心情，叫什么？,深呼吸,情绪低落,享受,学习,悲伤,2
9982,“橋”用英语怎么说？,农地,商店,bridge,电线杆,公园,2
9983,在生物当中，只有人类能够使用，用来传达给对方的手段是什么？,女儿,饭,沟通,国语,语言,4
9984,身体细长、四肢退化的是？,鳄鱼,青蛙,腊肠犬,蛇,黄鼠狼,3
9985,像隧道一样的通道是？,起居室,底部,地下通道,木板,超市,2
9986,用长竿装上钓具在海里或河里捕捉生物的人叫什么？,鱼,人鱼,钓鱼人,三脚架,河岸地,2
9987,在非洲，以壁画和神殿闻名的国家是？,沙漠,摩洛哥,埃及,土耳其,马里,2
9988,干预这件事叫？,干涉内政,外交谈判,和好,丝绸之路,吵架,0
9989,地球绕着它转。这是什么？,国旗,月亮,太阳,木星,国家,2
9990,亲密的朋友是？,家人,情人,对手,葡萄酒,朋友,4
9991,霉菌的来源是？,病毒,水,管道,细菌,孢子,3
9992,表示城镇内部的说法是？,city,市内,乡里,自己人,附近,1
9993,年糕红豆汤的材料是？,豆沙,高热量,盘子,甜食,冰,0
9994,地板的结构是？,飞机,罐,铺木板,神社,栅栏,2
9995,用邮件做的事情是？,输入文字,发邮件,创作,互联网,检验,0
9996,用来查单词的是？,图书馆,学校,词典,儿童馆,学习,2
9997,游泳时还不熟练的人会使用的是？,救生圈,塑料制,脚蹼,板子,飞机,0
9998,水猛烈地落下的是？,汽车旅馆,瀑布,浴室,市内,饭勺,1
9999,游泳的地方是？,观众席,平房小屋,篮子,小木屋,游泳池,4
10000,哪一个是表示书籍的词？,饲料,文具,图书,资料,瓷砖,2
10001,在这些当中，大家最讨厌的东西是哪一个？,地铁,大阪,京都,污物,灰尘,3
10002,哪一个是指普通民众？,国宾,仓库,沙尘,民众,首长,3
10003,城市的反义词是？,乡下,田野,乡里,森林,都市,0
10004,地板的下面是？,阁楼,玄关,泥土地面,房间,地板下,4
10005,在学校里，学生学习的地方是哪里？,天津饭,大人,教室,3D打印机,信号灯,2
10006,失眠、情绪低落、闭门不出、不安、幻听、变得非常多疑、健忘等，由精神疾病症状引起并表现出这些症状的人称为什么？,自恋型人格障碍,精神变态者,精神分裂症,精神病患者,精神病院,3
10007,世界上最长的山脉是哪里？,洪都拉斯,北阿尔卑斯山,古巴,安第斯山脉,富士山,3
10008,商品买卖的抽象概念是？,箱子,肉店,市场,国会,剪刀石头布,2
10009,储存产品的地方是？,房间,沙尘,仓库,工厂,民众,2
10010,把“plan”翻译过来是？,飞机,实验,计划,老年人,声音,2
10011,植物会进行的是？,章鱼,海水浴,光合作用,晒黑,日光浴,2
10012,做杯面时要倒入的东西是什么？,开水,海水,水蒸气,烫伤,冰水,0
10013,装有公用电话的箱形小建筑物是什么？,清扫车,电话亭,凉亭,保险箱,雨水,1
10014,捕获野生动物叫做什么？,踢,打倒,狩猎,拳打,暴行,2
10015,地球最北端的地区是哪里？,北极,稚内,北海道,南极大陆,动物园,0
10016,哪一个看起来与可怕的东西有关？,睡觉,将到来的日子,带来,逼近,吃,3
10017,海鸥经常待的地方是？,公园,俄克拉何马,海边,教室,道路,2
10018,任期为6年的国会议员是哪个？,城市,菅直人,参议院,贵族院,众议院,2
10019,可以住宿的咖啡馆是？,网吧,音乐室,牛舍,事务室,局舍,0
10020,听音乐的时候用的是？,俳人,立体声音响,取暖器,鼠标,麦克风,1
10021,身体变得懒散了的话？,做运动,去小便,睡觉,外出,吃东西,0
10022,住在公寓住宅里的主妇叫做？,闪电,集体妻子,公寓太太,婚外情妻子,爱妻,2
10023,通过扫、擦等方式弄干净叫做什么？,摩擦,擦拭清扫,削,扔掉,打扫,4
10024,用来看东西的场所是？,城镇,电视,纽约市,剧场,体育场,3
10025,形容盛开的樱花飘落的样子是？,落籽,垂枝樱,掉落的东西,飘落的樱花,飘落的梅花,3
10026,把材料表面用涂料膜覆盖的表面处理叫什么？,绘图,涂装,恶作剧,绘画,漫画,1
10027,在积雪的斜坡上滑行叫什么？,休息,读物,滑落,滑雪,坠落,3
10028,喉咙口渴时具体会做的行为是？,睡觉,去买饮料,销售商品的行为,唱歌,购物,1
10029,节奏中有什么？,调律,计划,音叉,老年人,声音,4
10030,有了很棒的体验时会产生的心情是？,高兴,幸福,可爱,害怕,感动,4
10031,美国麻省理工学院设立的，研究计算机新用法的机构是？,国会大厦,美术馆,媒体实验室,博物馆,法院,2
10032,雪貂属于哪一属？,蛇,黄鼠狼,猫,鳄鱼,狗,1
10033,擦窗户时使用的洗涤剂是？,玻璃清洁剂,橱窗展示,肥皂,米糠,窗玻璃,0
10034,把汤全部喝掉叫做什么？,喝干,剩下没喝完,吞下去,畅饮,饮料,0
10035,如果想一直看着孙子，该怎么办？,变得印象深刻,没特别的,保持有精神,变得健康,长寿,4
10036,主要销售食品的地方是？,超市,服装店,书店,厨房,架子,0
10037,哪一个是餐馆？,自动扶梯,电梯,顶楼,牛排馆,旋转门,3
10038,为了维持身心健康，每天平均需要8小时的维护时间，这是指什么？,名誉,有趣的信息,充足的睡眠,吃饭,记录,2
10039,在仅靠文字不容易传达时，为了更容易传达而做的是什么？,附带照片,天体照片,人,讨厌拍照,数字,0
10040,母鸡下的是什么？,青椒,鸡蛋,面粉,洋葱,蘑菇,1
10041,在神经活动中起中枢作用的器官是哪个？,手,肠,大脑,眼睛,脖子,2
10042,公司里负责人员管理的部门是？,生产部,演示,人事部,营业部,总部,2
10043,为防风而设置的一种防灾林叫什么？,稻草人,防风林,遮阳伞,道路标志,鲨鱼,1
10044,闪电“咔嚓”一闪叫做什么？,龙卷风,暴雨,领袖,细浪,闪电,4
10045,会感染的是？,坎皮尤塔,生命体,植物,咸牛肉罐头,计算机病毒,4
10046,足球场地面铺的是什么？,地板,树叶,草坪,冰,植物,2
10047,法国有名的河流是哪个？,莱茵河,多瑙河,里维埃拉,塞纳河,里尔,3
10048,看起来像是那里有肉眼看不见的东西，这种现象叫什么？,幻影化,妄想,幻肢,想象,幻视,4
10049,最近才开始大力提倡回收利用的塑料瓶等的原材料是什么？,塑料,金属,木材,乙烯基,玻璃,0
10050,儿童用的菜单是？,泡菜,儿童套餐,啤酒,肉,奇趣天地,1
10051,外国电影中，在欧美制作的电影是？,日本电影,西方电影,西式服装,宝莱坞电影,西学,1
10052,会咳嗽、流鼻涕的轻度疾病是？,流感,扭伤,感冒,胃痛,医院,2
10053,化妆时在脸上描画的部位是？,白发,眉毛,后颈,眉间,面部肌肉,1
10054,有沙丘的县里的城市是？,出云市,江津市,松江市,鸟取县,鸟取市,4
10055,多巴胺和血清素具有的效果是哪个？,抑制发烧,使人醉,使心情高涨,引发破坏性的冲动,缓解头痛,2
10056,狗住的地方是？,购物中心,狗窝,湖,海岸,平房,1
10057,下面哪一个有时会被用于实验？,脚,肩膀,人体,肌肉,手,2
